Layer,Band,H_mid_km,N,MAE,nMAE,MB,RMSE,Slope,Intercept,R2,MedLog10Ratio,IQRLog10Ratio
0,0-1km,0,2065,0.0646837,0.600359,-0.0182295,0.124502,0.386737,0.0478445,0.254094,-0.00897971,0.440522
1,0-1km,0,2886,0.051717,0.545513,-0.0100919,0.104217,0.552377,0.0323447,0.397833,0.0117275,0.385193
2,0-1km,0.001,3342,0.0731893,0.57211,-0.0179779,0.132072,0.448838,0.0525315,0.31301,0.00677072,0.427142
3,0-1km,0.03,3643,0.0885202,0.55797,-0.025986,0.152019,0.346108,0.077752,0.195669,0.00120421,0.394212
4,0-1km,0.169,3982,0.0736311,0.563055,-0.02277,0.132244,0.335758,0.0640934,0.196131,-0.0115662,0.382048
5,0-1km,0.392,4336,0.0621629,0.55391,-0.0200961,0.117887,0.364667,0.0512046,0.2034,-0.0169054,0.358054
6,0-1km,0.62,4627,0.0572641,0.548191,-0.0171904,0.112658,0.411731,0.0442602,0.287524,-0.00255194,0.333484
7,0-1km,0.854,4799,0.0566612,0.554143,-0.0173493,0.116644,0.384374,0.0455986,0.302914,-0.0105238,0.33325
8,1-3km,1.093,4958,0.0522062,0.549844,-0.0155549,0.110075,0.396573,0.0417388,0.279604,-0.0110874,0.32564
9,1-3km,1.339,5044,0.0505647,0.563793,-0.01522,0.106691,0.388454,0.0396276,0.284477,-0.00902911,0.329671
10,1-3km,1.591,5112,0.047995,0.57066,-0.0148778,0.105436,0.372398,0.0379063,0.220497,-0.0094384,0.332281
11,1-3km,1.849,5297,0.0422127,0.525186,-0.0117047,0.0897443,0.419094,0.0349866,0.298905,-0.000942992,0.282369
12,1-3km,2.114,5475,0.0381145,0.525751,-0.0096779,0.0812369,0.431919,0.0315054,0.321979,0.00515853,0.273382
13,1-3km,2.386,5701,0.0400757,0.555763,-0.0112137,0.0873979,0.422998,0.0303935,0.312317,-0.00138294,0.28695
14,1-3km,2.811,6132,0.0452334,0.588973,-0.0176656,0.0978731,0.378283,0.0300825,0.300503,-0.0245863,0.309231
15,3-5km,3.403,6356,0.0460209,0.61769,-0.0155973,0.0974051,0.429203,0.0269298,0.298787,-0.00764287,0.322204
16,3-5km,4.032,6489,0.0426879,0.594419,-0.0125103,0.0938993,0.501396,0.0232967,0.382044,-0.00806653,0.293152
17,3-5km,4.703,6592,0.0410764,0.595751,-0.0110546,0.0948486,0.523219,0.0218189,0.369467,-0.0122911,0.273162
18,5-10km,5.426,6685,0.0390717,0.574942,-0.012051,0.0904065,0.559917,0.0178559,0.429851,-0.0114405,0.259476
19,5-10km,6.207,6776,0.0419447,0.565894,-0.0113691,0.0967424,0.634488,0.015723,0.468188,-0.00728805,0.267118
20,5-10km,7.059,6861,0.0477626,0.570285,-0.0153954,0.104028,0.598988,0.0181902,0.453048,-0.0141394,0.283174
21,5-10km,7.997,6906,0.0499379,0.580361,-0.0134803,0.111933,0.623624,0.0189054,0.427475,-0.0170877,0.310073
22,5-10km,9.041,6936,0.0489983,0.560742,-0.00817333,0.108125,0.698477,0.0181741,0.474182,-0.00550574,0.281948
23,>10km,10.222,6961,0.0451977,0.520818,-0.00650332,0.100219,0.731463,0.0168009,0.53903,-0.0143742,0.254655
24,>10km,11.203,6965,0.0387967,0.491816,-0.0016475,0.0890847,0.794139,0.0145917,0.582332,-0.00530426,0.237709
25,>10km,11.941,6972,0.0246373,0.391602,-0.00136522,0.0601728,0.841043,0.00863547,0.72431,-0.000832073,0.201261
26,>10km,12.754,6972,0.0138741,0.357936,-0.00172888,0.0386274,0.841793,0.00440344,0.726619,-0.00188323,0.181083
27,>10km,13.665,6972,0.00326403,0.216248,-0.000217117,0.00853486,0.802703,0.00276088,0.691208,-0.0031656,0.124371
28,>10km,14.705,6972,0.00179864,0.166953,-0.000185133,0.00260766,0.805146,0.0019141,0.782013,-0.0030088,0.119461
29,>10km,15.928,6972,0.0016537,0.152216,-0.00014264,0.00227751,0.74604,0.00261641,0.703735,-0.00209536,0.108942
30,>10km,17.65,6972,0.00151617,0.176927,-0.000157704,0.00209886,0.569335,0.00353287,0.51134,0.000329739,0.125194
31,>10km,19.731,6972,0.0010288,0.188039,-0.00013454,0.00145716,0.452191,0.00286264,0.385402,-0.0016262,0.133196
