Altitude_km,R2,RMSE,MAE
30.0,-0.05093824863433838,0.004428669048774171,0.002293997211381793
29.976,-0.021860718727111816,0.003621082039621431,0.0018478173296898603
29.952,-0.08642935752868652,0.0033133941172448916,0.0017501235706731677
29.928,-0.2032022476196289,0.003518092790616547,0.0019251852063462138
29.904,-0.03933119773864746,0.0034743965272882723,0.0018525044433772564
29.88,-0.09606242179870605,0.0037714095962730716,0.0019532712176442146
29.856,-0.007535576820373535,0.003997803189372262,0.0018961324822157621
29.832,-0.017987370491027832,0.004571985889527863,0.002010879572480917
29.808,-0.09285223484039307,0.005159373468478101,0.0021695957984775305
29.784,-0.06530749797821045,0.005328720591611635,0.0020926129072904587
29.76,-0.030158400535583496,0.005140925389382181,0.0020040383096784353
29.736,-0.020879030227661133,0.00459607009071325,0.0018474982352927327
29.712,-0.04501640796661377,0.00373423877183998,0.0018379365792497993
29.688,-0.03487527370452881,0.003263104366067831,0.0018135830760002136
29.664,-0.16481471061706543,0.003294805228429671,0.0018608634127303958
29.64,-0.033525824546813965,0.0032040116158665337,0.0017264684429392219
29.616,-0.05888855457305908,0.0032798746791814683,0.001720154657959938
29.592,-0.0534517765045166,0.0033596535793027535,0.001749536138959229
29.568,-0.12982773780822754,0.003519502730583465,0.0019012677948921919
29.544,-0.05351138114929199,0.0033894364718874193,0.0017652290407568216
29.52,0.0041498541831970215,0.003344288901989063,0.001699333661235869
29.496,-0.0018887519836425781,0.0032761970646760156,0.0017107410822063684
29.472,-0.11945843696594238,0.00335266115039115,0.0018739229999482632
29.448,-0.11399674415588379,0.0032582404095818206,0.0018061446025967598
29.424,-0.11614811420440674,0.0031552555085619252,0.0018117062281817198
29.4,-0.04333055019378662,0.0030853797604369904,0.0017535825027152896
29.376,-0.08137619495391846,0.0033352891012120864,0.001963929971680045
29.352,-0.010498523712158203,0.0035759286073365365,0.0017635173862800002
29.328,-0.04810178279876709,0.00396381877804175,0.001923510106280446
29.304,-0.02527034282684326,0.004060501774001993,0.001869327388703823
29.28,-0.023085474967956543,0.003974042236615785,0.0019187889993190765
29.256,-0.020889878273010254,0.0037209299509144817,0.0017655955161899328
29.232,-0.04787623882293701,0.0033771368873338255,0.0017281114123761654
29.208,-0.03054225444793701,0.003199829455474865,0.0017004294786602259
29.184,-0.041158437728881836,0.003153668306535082,0.0016988402931019664
29.16,-0.0657045841217041,0.0031197949212367483,0.0019221807597205043
29.136,-0.024121642112731934,0.003134786955173732,0.0017414325848221779
29.112,-0.14108681678771973,0.00371936272337628,0.002056051278486848
29.088,-0.04158949851989746,0.004005445525737338,0.0019319180864840746
29.064,-0.09258484840393066,0.0043062436958644975,0.0020806598477065563
29.04,-0.0673677921295166,0.004208876263094049,0.00197084853425622
29.016,-0.04753768444061279,0.00399416428535071,0.0019273499492555857
28.992,-0.13702392578125,0.004038990989544655,0.0020142437424510717
28.968,-0.02783191204071045,0.004027685608496116,0.0018336450448259711
28.944,-0.0571976900100708,0.004323875004063917,0.0019049140391871333
28.92,-0.04377627372741699,0.004482377233625777,0.0019489163532853127
28.896,-0.07411360740661621,0.004679584541072805,0.00204860744997859
28.872,-0.037247657775878906,0.004571803867046096,0.001995024736970663
28.848,-0.08299052715301514,0.004565710784869526,0.0021178482566028833
28.824,-0.06642794609069824,0.00446257729605568,0.0021162857301533222
28.8,-0.04080092906951904,0.004452428709067519,0.002058712998405099
28.776,-0.10178673267364502,0.004529203051678016,0.0021726631093770266
28.752,-0.039478182792663574,0.004292819148724472,0.0020491043105721474
28.728,-0.10725569725036621,0.004389781214286041,0.0022034698631614447
28.704,-0.07857835292816162,0.004198489196813741,0.0020827187690883875
28.68,-0.062374234199523926,0.004174738485734408,0.002061521867290139
28.656,-0.06325948238372803,0.004465030839050177,0.0021028907503932714
28.632,-0.022086262702941895,0.004579200477532402,0.002083454979583621
28.608,-0.03803658485412598,0.00470529686750177,0.0021993129048496485
28.584,-0.044733643531799316,0.004569152280777627,0.00225897622294724
28.56,-0.12325108051300049,0.004555853832581335,0.002259054919704795
28.536,-0.017214298248291016,0.004138537136169659,0.0020160425920039415
28.512,-0.04241013526916504,0.004058298724079866,0.0019807680509984493
28.488,-0.022440314292907715,0.0039905737991399,0.0019747246988117695
28.464,-0.040212035179138184,0.003916196202472224,0.001991784432902932
28.44,-0.015259861946105957,0.003890062903947877,0.0020416949409991503
28.416,-0.04624629020690918,0.003906351280017011,0.00206376682035625
28.392,-0.09233295917510986,0.0038587972710449193,0.0021558695007115602
28.368,-0.07641220092773438,0.0036305321571992845,0.002099529840052128
28.344,-0.040311217308044434,0.003457319974039395,0.001980226021260023
28.32,-0.07530975341796875,0.003585429881045167,0.00210359925404191
28.296,-0.04392242431640625,0.003606326457411075,0.002033841796219349
28.272,-0.04356682300567627,0.0036148011961131847,0.0019639937672764063
28.248,-0.019082188606262207,0.003555682319105358,0.0018703722162172198
28.224,-0.05977916717529297,0.003543912914796648,0.0018654349260032177
28.2,-0.08726239204406738,0.0035802535537960375,0.0019301701104268432
28.176,-0.06161987781524658,0.0036865340015200016,0.0018960162997245789
28.152,-0.03634917736053467,0.003976238674511407,0.001954242354258895
28.128,-0.057098388671875,0.004277250891623592,0.0020238428842276335
28.104,-0.029988646507263184,0.004202732671617574,0.0020373426377773285
28.08,-0.010648012161254883,0.003914039963594413,0.001788957742974162
28.056,-0.02187788486480713,0.0033888895668870963,0.0017964821308851242
28.032,-0.02528536319732666,0.0030347132044061522,0.0017955179791897535
28.008,-0.027855277061462402,0.0031286525440125655,0.0018347006989642978
27.984,-0.09582185745239258,0.00352487354960196,0.001975269755348563
27.96,-0.02826714515686035,0.0037996494807209253,0.002022466855123639
27.936,-0.015930533409118652,0.004140566363866966,0.002200426533818245
27.912,-0.14054560661315918,0.004648380018102239,0.002435899106785655
27.888,-0.03039693832397461,0.004713250283290587,0.002335755620151758
27.864,-0.03178608417510986,0.004888456591796879,0.0023435987532138824
27.84,-0.08444321155548096,0.005083101998990114,0.002475142013281584
27.816,-0.06309926509857178,0.004930282787374221,0.002343073720112443
27.792,-0.059995055198669434,0.004669515319435827,0.002260694047436118
27.768,-0.054335594177246094,0.004306548663241999,0.002337136771529913
27.744,-0.03588438034057617,0.004023149225624416,0.0020286741200834513
27.72,-0.04503321647644043,0.0039550305421786735,0.002120822900906205
27.696,-0.04451858997344971,0.004042051359588781,0.0021087012719362974
27.672,-0.08857095241546631,0.004295587744784018,0.002198910340666771
27.648,-0.01682150363922119,0.004155461372788537,0.0020771308336406946
27.624,-0.03136396408081055,0.004074817899023656,0.00206159264780581
27.6,-0.046785831451416016,0.0038756555686674985,0.002052381169050932
27.576,-0.03438913822174072,0.003479078411258184,0.0019111704314127564
27.552,-0.10692179203033447,0.003259105758222277,0.0019420321332290769
27.528,-0.03373456001281738,0.0032724507004707366,0.0018294637557119131
27.504,-0.02970588207244873,0.003867179456563072,0.0019475098233669996
27.48,-0.04310739040374756,0.0045808306121757755,0.0022002868354320526
27.456,-0.038060784339904785,0.005003709481101857,0.0022635115310549736
27.432,-0.016959547996520996,0.004979611150859697,0.00247083674184978
27.408,-0.020973563194274902,0.0046577350122710155,0.002310752170160413
27.384,-0.0014815330505371094,0.0039857886787594814,0.002196507528424263
27.36,-0.05354475975036621,0.003567561907022892,0.0021653207950294018
27.336,-0.18463504314422607,0.0035773863030882824,0.0022240381222218275
27.312,-0.0708622932434082,0.003406373941220725,0.0020780463237315416
27.288,-0.07067513465881348,0.0034511014793328692,0.002063577761873603
27.264,-0.01463615894317627,0.003461829624218989,0.0019415998831391335
27.24,-0.04669070243835449,0.0036126085660831866,0.001990311546251178
27.216,-0.024697422981262207,0.003579271590061929,0.0019387074280530214
27.192,-0.007583737373352051,0.0035915484911911272,0.001942263450473547
27.168,-0.016461491584777832,0.0036696215410601755,0.001983713125810027
27.144,-0.04568469524383545,0.004137377287651302,0.002149488776922226
27.12,-0.043267130851745605,0.004776004594734455,0.002320116152986884
27.096,-0.03148627281188965,0.005327399722515781,0.002355505945160985
27.072,-0.02330493927001953,0.005416464454612432,0.0023350059054791927
27.048,-0.034067392349243164,0.005387733231184265,0.002335511613637209
27.024,-0.08436548709869385,0.005104251503207684,0.0026086093857884407
27.0,-0.058344244956970215,0.0044943583580963065,0.002333073178306222
26.976,-0.09212183952331543,0.004284447009823124,0.0023697600699961185
26.952,-0.03176748752593994,0.004097490306129784,0.0022825126070529222
26.928,-0.026098012924194336,0.004094643740873447,0.0021854497026652098
26.904,-0.010362863540649414,0.003828643815293197,0.0021111739333719015
26.88,-0.09315717220306396,0.003707307679244858,0.002417919924482703
26.856,-0.016293764114379883,0.0033496567849027243,0.0021250674035400152
26.832,-0.018700838088989258,0.0032052810756951935,0.0020920357201248407
26.808,-0.08554458618164062,0.0035173530892852623,0.0020867716521024704
26.784,-0.0378265380859375,0.0038594889704367755,0.0021185949444770813
26.76,-0.004147768020629883,0.004152019791052622,0.0021405182778835297
26.736,-0.0028743743896484375,0.004297538372195451,0.002243021735921502
26.712,-0.009099125862121582,0.004290106853828808,0.0022990508005023003
26.688,-0.014264464378356934,0.004083064118442779,0.0022972782608121634
26.664,-0.08227229118347168,0.0040122210779300485,0.002459153765812516
26.64,-0.011747956275939941,0.0036279311533487907,0.0022931117564439774
26.616,-0.0384221076965332,0.00353914590782284,0.002211124636232853
26.592,-0.12029922008514404,0.0037128884216812005,0.002406833227723837
26.568,-0.01679050922393799,0.0037214631296032317,0.0021586818620562553
26.544,-0.08160102367401123,0.004180869699217315,0.0024903209414333105
26.52,-0.050278544425964355,0.0047049856576170624,0.0026885084807872772
26.496,-0.06947016716003418,0.00545844807132571,0.00263545336201787
26.472,-0.14384591579437256,0.006059829413778717,0.002983716782182455
26.448,-0.0561978816986084,0.006102367233482054,0.0028627081774175167
26.424,-0.06201028823852539,0.0062100166693080895,0.0028725324664264917
26.4,-0.06360507011413574,0.006162544847111312,0.0028927274979650974
26.376,-0.02854907512664795,0.0060077718586602725,0.0027813646011054516
26.352,-0.010478019714355469,0.006023422383729018,0.002733682980760932
26.328,-0.03891777992248535,0.006080443165283066,0.0028132733423262835
26.304,-0.03587830066680908,0.005824707024074858,0.002856448059901595
26.28,-0.021989941596984863,0.00538353214637149,0.002876468002796173
26.256,-0.13722193241119385,0.005264871156617085,0.003091992810368538
26.232,-0.051805734634399414,0.004864417945000012,0.002988293766975403
26.208,-0.1307382583618164,0.004977664153466287,0.0029557717498391867
26.184,-0.05134093761444092,0.0047597889908805825,0.00280448398552835
26.16,-0.06960630416870117,0.004784126955628644,0.002906834241002798
26.136,-0.0889439582824707,0.004917322152654768,0.0028986260294914246
26.112,-0.06230795383453369,0.0050945603324308005,0.002890448085963726
26.088,-0.07686364650726318,0.005341273160139607,0.0028973782900720835
26.064,-0.04765284061431885,0.0052838877812819195,0.0027468001935631037
26.04,-0.0381394624710083,0.0051329367070242484,0.0026840621139854193
26.016,-0.05797696113586426,0.005271869181725781,0.0027327435091137886
25.992,-0.0612635612487793,0.0052624146286118795,0.0028686614241451025
25.968,-0.03745710849761963,0.005086015675411515,0.00279418402351439
25.944,-0.05698585510253906,0.005089778499844202,0.003064743708819151
25.92,-0.07745981216430664,0.005349392085891325,0.0033186471555382013
25.896,-0.041992783546447754,0.005412748777052572,0.002973107388243079
25.872,-0.061926841735839844,0.005680407661570347,0.003029813524335623
25.848,-0.023891210556030273,0.006001178998574494,0.0030745293479412794
25.824,-0.06281054019927979,0.006828194356215968,0.003231833456084132
25.8,-0.017960309982299805,0.007263813422247229,0.003199098166078329
25.776,-0.050203919410705566,0.007539842509958953,0.0034304624423384666
25.752,-0.0321810245513916,0.0075274211556982315,0.003378678113222122
25.728,-0.0531843900680542,0.0077815018299775595,0.003406917443498969
25.704,-0.034145474433898926,0.007723588030117121,0.0033117143902927637
25.68,-0.009175300598144531,0.007495698125828273,0.0030936573166400194
25.656,-0.052979111671447754,0.007590249968879921,0.0034909050446003675
25.632,-0.09342217445373535,0.007082839953312327,0.0035347091034054756
25.608,-0.028885602951049805,0.005902843430936694,0.0030162634793668985
25.584,-0.06586945056915283,0.0053016130244620385,0.002978081116452813
25.56,-0.1054617166519165,0.0051387319123056005,0.002956478390842676
25.536,-0.04910778999328613,0.00505873500499492,0.002963307313621044
25.512,0.0020842552185058594,0.005140522189655799,0.0029866062104701996
25.488,-0.168831467628479,0.006122497308345862,0.0037235920317471027
25.464,-0.027982354164123535,0.006286934733668653,0.003235696582123637
25.44,-0.014799833297729492,0.006758806615989113,0.0034335937816649675
25.416,-0.0526881217956543,0.007218078346180505,0.0036278257612138987
25.392,-0.02229607105255127,0.007050006664494297,0.0035770838148891926
25.368,-0.08181405067443848,0.007070481439279252,0.0036951974034309387
25.344,-0.0254594087600708,0.00692171037386487,0.0035305656492710114
25.32,-0.0666508674621582,0.00760375889638656,0.003608748549595475
25.296,-0.0791546106338501,0.008168589232363075,0.003896907437592745
25.272,-0.05162680149078369,0.008441443673055972,0.003879959462210536
25.248,-0.027974486351013184,0.008465131690905734,0.0038721291348338127
25.224,-0.06460964679718018,0.008419723897538565,0.004142260178923607
25.2,-0.08140647411346436,0.008343668634714677,0.004300830420106649
25.176,-0.05473911762237549,0.00850778325694771,0.004539131186902523
25.152,-0.10286605358123779,0.00899549051260101,0.004703431855887175
25.128,-0.019489645957946777,0.008918389784948131,0.004518338944762945
25.104,-0.060422301292419434,0.00919527968920503,0.004664397798478603
25.08,-0.07804107666015625,0.009196702284312958,0.004774569999426603
25.056,-0.09692871570587158,0.00892836801542557,0.004639985039830208
25.032,-0.09390783309936523,0.008592912751020202,0.004607601556926966
25.008,-0.01801168918609619,0.008380001283190948,0.004484000615775585
24.984,-0.10246562957763672,0.00896205908391542,0.004847179166972637
24.96,-0.06746578216552734,0.009121281383364183,0.004906053189188242
24.936,-0.073638916015625,0.009419984184869175,0.004808434285223484
24.912,-0.15360426902770996,0.010004546313749805,0.005018850322812796
24.888,-0.06817770004272461,0.009524467578630225,0.004852961748838425
24.864,-0.12939822673797607,0.00950697257595685,0.00497029721736908
24.84,-0.0931011438369751,0.009107733720370034,0.004954520612955093
24.816,-0.2068854570388794,0.009571827250418996,0.005350360181182623
24.792,-0.13858938217163086,0.009754025753071745,0.0050966921262443066
24.768,-0.09517276287078857,0.009893380770478659,0.004875614773482084
24.744,-0.0696486234664917,0.010040699883484732,0.004787414334714413
24.72,-0.1415259838104248,0.010243893457636514,0.0049392785876989365
24.696,-0.053991079330444336,0.009467084157699682,0.004584880545735359
24.672,-0.009459733963012695,0.008726429959821492,0.004452406894415617
24.648,-0.0458751916885376,0.008489003028077438,0.004458480980247259
24.624,-0.08208942413330078,0.008490941575759104,0.004571574740111828
24.6,-0.027401208877563477,0.008192591489106992,0.0043780505657196045
24.576,-0.04122519493103027,0.008318201274185562,0.00445416709408164
24.552,-0.05074596405029297,0.008771287723203212,0.004643778316676617
24.528,-0.0152435302734375,0.009266676228295108,0.004701592493802309
24.504,-0.030265212059020996,0.009887451739902142,0.004894641228020191
24.48,-0.07790136337280273,0.010440469958039742,0.005203351844102144
24.456,-0.08380258083343506,0.010675923907039205,0.005387591663748026
24.432,-0.05415642261505127,0.01098304408051173,0.005636168643832207
24.408,-0.0924692153930664,0.012107837102507868,0.00611073337495327
24.384,-0.06249129772186279,0.013105594959340635,0.006099015008658171
24.36,-0.13216328620910645,0.014166847345837518,0.006669341586530209
24.336,-0.05615854263305664,0.013697212234024762,0.00599404564127326
24.312,-0.04877305030822754,0.01328781499048169,0.005887326784431934
24.288,-0.06533753871917725,0.012860110001819499,0.005829046946018934
24.264,-0.0854576826095581,0.012855659393653318,0.005976555403321981
24.24,-0.10661196708679199,0.012983542241931646,0.005868570879101753
24.216,-0.03626072406768799,0.012210647524193067,0.005608452949672937
24.192,-0.10415220260620117,0.011820463496786142,0.005723363719880581
24.168,-0.1381371021270752,0.011424834261066125,0.0058832354843616486
24.144,-0.12143099308013916,0.011301531076855659,0.005798600614070892
24.12,-0.04791879653930664,0.011216554755725134,0.005803647451102734
24.096,-0.07941567897796631,0.01154516914275027,0.006036641076207161
24.072,-0.09746730327606201,0.011642989125178268,0.005993735045194626
24.048,-0.06903886795043945,0.011331049514906752,0.0059629036113619804
24.024,-0.10204148292541504,0.011306994998208314,0.005960449110716581
24.0,-0.08242511749267578,0.010817406658808567,0.005834747571498156
23.976,-0.045372843742370605,0.010414267458637326,0.005729236640036106
23.952,-0.10710227489471436,0.0105743408203125,0.005760362837463617
23.928,-0.07253003120422363,0.010448554345982776,0.005753650795668364
23.904,-0.026852965354919434,0.010363639832416338,0.005757902283221483
23.88,-0.0828331708908081,0.011086169864487244,0.006106983870267868
23.856,-0.09536731243133545,0.011999540605442362,0.006449188105762005
23.832,-0.008124351501464844,0.012809628457055725,0.006297115236520767
23.808,-0.03904092311859131,0.014410599949936159,0.006612318102270365
23.784,-0.0628054141998291,0.015256583054341598,0.0067322938703000546
23.76,-0.03233063220977783,0.01504619026179621,0.006578896660357714
23.736,-0.10901212692260742,0.015043292886533785,0.007324062753468752
23.712,-0.08017516136169434,0.013851289740711304,0.007043510675430298
23.688,-0.13579809665679932,0.013398599987706039,0.007284069899469614
23.664,-0.07739293575286865,0.012531220132574853,0.006587008945643902
23.64,-0.10317337512969971,0.012460679860463598,0.00677873520180583
23.616,-0.06629788875579834,0.012005090483856245,0.006699731573462486
23.592,-0.021265745162963867,0.01173768215447684,0.006683433428406715
23.568,-0.09343898296356201,0.012257322189907733,0.006987274158746004
23.544,-0.09205412864685059,0.012706474866810267,0.007377158384770155
23.52,-0.04249310493469238,0.012439097833343654,0.006659668870270252
23.496,-0.06161761283874512,0.012177862245650064,0.0066452911123633385
23.472,-0.015738725662231445,0.011228348697742663,0.0063445777632296085
23.448,-0.051287293434143066,0.010832306605837038,0.00631983345374465
23.424,-0.04167187213897705,0.010576924232772482,0.006092896219342947
23.4,-0.08960402011871338,0.010860502740651423,0.006627845112234354
23.376,-0.08538269996643066,0.011061450633146789,0.006298452615737915
23.352,-0.10416305065155029,0.011336696886991928,0.0065215472131967545
23.328,-0.10815680027008057,0.011252427143543927,0.006482057739049196
23.304,-0.07331860065460205,0.010953891408078004,0.0062879337929189205
23.28,-0.07579910755157471,0.011009500160179715,0.006400780286639929
23.256,-0.04465007781982422,0.011318223501308174,0.00630871532484889
23.232,-0.013435840606689453,0.011510632030145726,0.006091360934078693
23.208,-0.04761505126953125,0.012085786945358345,0.006107065826654434
23.184,-0.004940509796142578,0.011919943806949823,0.005966125056147575
23.16,-0.17349815368652344,0.012431656512694534,0.006716002244502306
23.136,-0.03357577323913574,0.01120723583607933,0.005952158477157354
23.112,-0.014806151390075684,0.010906855913868412,0.006093176547437906
23.088,-0.04880797863006592,0.011638978936354951,0.006230093538761139
23.064,-0.060933828353881836,0.012923268777071981,0.006663531064987183
23.04,-0.0917290449142456,0.014588181921745592,0.007026578765362501
23.016,-0.13932275772094727,0.016011261927203917,0.007430577650666237
22.992,-0.06645357608795166,0.01576698138552418,0.007161063142120838
22.968,-0.06465280055999756,0.015347564419462932,0.006952313706278801
22.944,-0.048679232597351074,0.01471988024872122,0.006689201574772596
22.92,-0.07355904579162598,0.014630574520714609,0.00661097839474678
22.896,-0.07071530818939209,0.014182408294447437,0.006278287619352341
22.872,-0.066977858543396,0.013481005747308225,0.0062109981663525105
22.848,-0.06526756286621094,0.012865085615931462,0.006395565811544657
22.824,-0.04248225688934326,0.01259131486827972,0.006601326167583466
22.8,-0.053620219230651855,0.012847558898193046,0.006455746944993734
22.776,-0.05403745174407959,0.013158629986281594,0.006406672298908234
22.752,-0.018062949180603027,0.012930152019824486,0.006288706324994564
22.728,-0.0444256067276001,0.012470038812839949,0.00620092311874032
22.704,-0.072304368019104,0.011492123578763867,0.006254229228943586
22.68,-0.09972286224365234,0.010695000594947584,0.005602905061095953
22.656,-0.08486282825469971,0.010362579307686581,0.005502456799149513
22.632,-0.0804908275604248,0.010534103636472862,0.005464955698698759
22.608,-0.06082463264465332,0.010813967700681767,0.005534628871828318
22.584,-0.12402987480163574,0.011265664563278191,0.005910043139010668
22.56,-0.1231309175491333,0.011199981055362759,0.00625100452452898
22.536,-0.05849719047546387,0.010644518836915364,0.006048079580068588
22.512,-0.07480466365814209,0.01047772524037877,0.0059737092815339565
22.488,-0.04053020477294922,0.009967556865328952,0.005718051455914974
22.464,-0.07349002361297607,0.009913946114272912,0.005513595417141914
22.44,-0.05545306205749512,0.009706218900643385,0.005185913294553757
22.416,-0.05959296226501465,0.009616756476565697,0.005041085183620453
22.392,-0.031167149543762207,0.00949397338456702,0.004802411887794733
22.368,-0.04008686542510986,0.0099650396316251,0.004838559776544571
22.344,-0.041703224182128906,0.010632547073459448,0.0048727672547101974
22.32,-0.03968656063079834,0.011109578022840414,0.00490575423464179
22.296,-0.01971280574798584,0.011354956318270439,0.00475935498252511
22.272,-0.05350196361541748,0.011462788250351122,0.005011974833905697
22.248,-0.016301751136779785,0.010726489170668438,0.004683945327997208
22.224,-0.07034683227539062,0.009797380642479868,0.00492323562502861
22.2,-0.052184104919433594,0.008228951023133108,0.0043136500753462315
22.176,-0.05466747283935547,0.007343257061762601,0.004260052926838398
22.152,-0.0735628604888916,0.006695048009492841,0.003984442446380854
22.128,0.010406136512756348,0.006189427426692769,0.003762806998565793
22.104,-0.12431895732879639,0.006938439645692492,0.004002513829618692
22.08,-0.011934876441955566,0.006953869548976944,0.003883996745571494
22.056,-0.007852792739868164,0.007161552114080368,0.004042743239551783
22.032,0.021194159984588623,0.0071653318134774855,0.004058167804032564
22.008,-0.07792484760284424,0.00752167522145084,0.0042377132922410965
21.984,-0.1455296277999878,0.0077724133824338595,0.004808112513273954
21.96,-0.027230381965637207,0.007261754444309302,0.004203383345156908
21.936,-0.016090035438537598,0.007179369707722447,0.0042029512114822865
21.912,-0.21840167045593262,0.007830874341703379,0.005061231087893248
21.888,-0.056874871253967285,0.007375556365973908,0.004265757277607918
21.864,-0.008571028709411621,0.007187627392056489,0.004094661213457584
21.84,-0.049912214279174805,0.007826432269988307,0.0042617470026016235
21.816,-0.055010437965393066,0.008121921837828927,0.004224974196404219
21.792,-0.020660877227783203,0.007838719299696855,0.004226962104439735
21.768,0.004000484943389893,0.007315806684110365,0.004168743267655373
21.744,-0.0282210111618042,0.006959777427140544,0.004140059929341078
21.72,-0.07483077049255371,0.0066486641422908955,0.004138613119721413
21.696,-0.010877728462219238,0.0060509501327096465,0.0038435354363173246
21.672,-0.13698458671569824,0.00598430595549928,0.003965661395341158
21.648,-0.06585299968719482,0.005355901867157891,0.0035386632662266493
21.624,-0.07726180553436279,0.005129861042484212,0.0035005807876586914
21.6,-0.038716793060302734,0.004916302747226454,0.0033254255540668964
21.576,-0.04479038715362549,0.004989782055268296,0.0034071533009409904
21.552,-0.04239249229431152,0.005223332649058899,0.0034522218629717827
21.528,-0.011201143264770508,0.005360779354732452,0.00346436002291739
21.504,-0.08608460426330566,0.0054929203403234865,0.0035877700429409742
21.48,-0.06978845596313477,0.005484442277141447,0.0034821229055523872
21.456,-0.02405083179473877,0.005496091360698366,0.003326356876641512
21.432,-0.009139180183410645,0.005514794057123697,0.00335007649846375
21.408,-0.017706871032714844,0.005520062518922551,0.0033863764256238937
21.384,-0.04405689239501953,0.005329497801970614,0.0032928732689470053
21.36,-0.03708517551422119,0.004920602940795552,0.003130880882963538
21.336,-0.06492042541503906,0.004580928294596329,0.0030460215639322996
21.312,-0.06024777889251709,0.004179631294043591,0.00293165841139853
21.288,-0.061843037605285645,0.003949321139444621,0.0028180137742310762
21.264,-0.04913163185119629,0.0038607151065287344,0.0027896843384951353
21.24,-0.007961034774780273,0.003813676578346016,0.0026781102642416954
21.216,-0.04810822010040283,0.004083444108989047,0.0029309396632015705
21.192,-0.043651580810546875,0.004335951990683823,0.0029047345742583275
21.168,-0.011410236358642578,0.004520802139358617,0.0029947487637400627
21.144,-0.013409137725830078,0.004661234806844733,0.0030556798446923494
21.12,-0.025040030479431152,0.004644114664130172,0.003006866667419672
21.096,-0.02429485321044922,0.004505665166674294,0.0030154765117913485
21.072,-0.1143040657043457,0.00441962909117256,0.0031351600773632526
21.048,-0.06256425380706787,0.004088856583027017,0.0028907901141792536
21.024,-0.0641244649887085,0.004036350581878951,0.002815320622175932
21.0,-0.03929793834686279,0.004263283460527845,0.0029624546878039837
20.976,-0.0977177619934082,0.004630170422668523,0.003112905891612172
20.952,-0.030602335929870605,0.004761125781426553,0.0030556470155715942
20.928,-0.03422081470489502,0.004912676049470909,0.0030387553852051497
20.904,-0.13643288612365723,0.005144236128020244,0.003212727140635252
20.88,-0.10845577716827393,0.0049000567797127925,0.0032177541870623827
20.856,-0.02200329303741455,0.004492637735459046,0.0030599047895520926
20.832,-0.005814552307128906,0.00438791346288922,0.003008592640981078
20.808,-0.1443920135498047,0.004858011351313675,0.003446922404691577
20.784,-0.00477910041809082,0.0048075164031617735,0.00308333826251328
20.76,-0.048149824142456055,0.005080264348943279,0.0032343456987291574
20.736,-0.025148391723632812,0.004962324785413569,0.003047199686989188
20.712,-0.000784754753112793,0.0046107479479491325,0.0029276302084326744
20.688,-0.04799246788024902,0.0043968688688096925,0.002970836590975523
20.664,-0.035895586013793945,0.004042682233349667,0.0028369901701807976
20.64,-0.030186057090759277,0.003779504564527296,0.0026998864486813545
20.616,-0.05649244785308838,0.003884393460366672,0.00280565582215786
20.592,-0.13723421096801758,0.004117045933679014,0.002996341325342655
20.568,-0.05285036563873291,0.004054089373187955,0.002775676315650344
20.544,-0.08272743225097656,0.0043147381684837,0.002828143769875169
20.52,-0.02836287021636963,0.004504269117454748,0.002955067902803421
20.496,-0.04241931438446045,0.004632920775120212,0.0029378049075603485
20.472,-0.0727623701095581,0.004606751597938175,0.0030776590574532747
20.448,-0.004802703857421875,0.004246622530524874,0.002769867889583111
20.424,-0.05862104892730713,0.004314210323234554,0.002825419418513775
20.4,-0.012415051460266113,0.004313575938127012,0.00277164694853127
20.376,-0.02809929847717285,0.004417380726435504,0.0027670646086335182
20.352,-0.06635928153991699,0.004507161880784713,0.00284426286816597
20.328,-0.048589468002319336,0.004386388914554977,0.0027423871215432882
20.304,-0.03337717056274414,0.0041113803449205994,0.0028229523450136185
20.28,-0.05263245105743408,0.004193782779288061,0.0028070693369954824
20.256,-0.028630614280700684,0.004416360423447037,0.0027679777704179287
20.232,-0.06174790859222412,0.004793658536833611,0.0029399769846349955
20.208,-0.06143176555633545,0.004926601952749521,0.0029144345317035913
20.184,-0.03358447551727295,0.004842460686289199,0.0029893650207668543
20.16,-0.04260063171386719,0.004760735692117613,0.003026112914085388
20.136,-0.03494226932525635,0.004801218577318924,0.0030146019998937845
20.112,-0.029692769050598145,0.0050380519185800445,0.00306866061873734
20.088,-0.00259244441986084,0.005119642618710787,0.0030070070642977953
20.064,-0.01448512077331543,0.005134495370247142,0.0030717425979673862
20.04,-0.3278101682662964,0.005582488506594281,0.003933562431484461
20.016,-0.0012888908386230469,0.004622466986704877,0.0029510094318538904
19.992,-0.05069911479949951,0.004604627589184753,0.0031241881661117077
19.968,-0.016098618507385254,0.00459687442407059,0.0029683178290724754
19.944,-0.07670855522155762,0.0050871637659399,0.003171074204146862
19.92,-0.05979597568511963,0.005282041751236556,0.00317676761187613
19.896,-0.2752021551132202,0.005663988584619853,0.0037454580888152122
19.872,-0.011646270751953125,0.004891274614896968,0.0030286286491900682
19.848,-0.011095046997070312,0.00466564494276228,0.0029838227201253176
19.824,-0.013868570327758789,0.004527030001775169,0.0030150949023663998
19.8,-0.0516437292098999,0.004394251016450262,0.002986630192026496
19.776,-0.07589340209960938,0.004347646722644973,0.002924190368503332
19.752,-0.16028237342834473,0.00450104534653629,0.003129268530756235
19.728,-0.03515148162841797,0.0042215586903639685,0.002864362206310034
19.704,-0.10282111167907715,0.004354421161590263,0.003027702448889613
19.68,-0.19010686874389648,0.004519104666703476,0.0032657678239047527
19.656,-0.034011244773864746,0.004104434332041625,0.002901612315326929
19.632,-0.08648645877838135,0.004120538799041722,0.0030360908713191748
19.608,-0.06591296195983887,0.004011773131063713,0.002983071841299534
19.584,-0.031023502349853516,0.003909796961480153,0.0029409662820398808
19.56,-0.09702110290527344,0.00400985700426646,0.00307757081463933
19.536,-0.05608165264129639,0.0038336516594300336,0.002953742630779743
19.512,-0.17249560356140137,0.0038642667946775567,0.0029609438497573137
19.488,-0.22300922870635986,0.0037932736103347625,0.0029278204310685396
19.464,-0.03904855251312256,0.003355031531255482,0.002728643361479044
19.44,-0.13325726985931396,0.003583863036282213,0.0028212193865329027
19.416,-0.11227178573608398,0.003836521542506657,0.0028349494095891714
19.392,-0.06982505321502686,0.0041151436840343465,0.002871130593121052
19.368,-0.2886282205581665,0.004705285076694966,0.003385810647159815
19.344,-0.026543140411376953,0.0042843453273584305,0.003053705906495452
19.32,-0.0033195018768310547,0.004172887600724264,0.0030011332128196955
19.296,-0.0578385591506958,0.0040855316443390325,0.0030221864581108093
19.272,-0.07930505275726318,0.0040021042395860336,0.0029439853969961405
19.248,-0.13246560096740723,0.003958281745365012,0.0029645459726452827
19.224,-0.016245245933532715,0.003621616859305213,0.002796961460262537
19.2,-0.07162678241729736,0.003676043267810515,0.0029031888116151094
19.176,-0.08772659301757812,0.003655621001082694,0.0028938530012965202
19.152,-0.09108471870422363,0.0036322020671083585,0.0028527076356112957
19.128,-0.19876790046691895,0.003870020011412318,0.00300206383690238
19.104,-0.25544846057891846,0.004029862738939694,0.0029999178368598223
19.08,-0.08005034923553467,0.003748027421937835,0.0028239102102816105
19.056,-0.11706089973449707,0.003836203154598137,0.0029453947208821774
19.032,-0.08157920837402344,0.0038572235760013117,0.002853580517694354
19.008,-0.5830433368682861,0.004883800905741436,0.0037523924838751554
18.984,-0.562684178352356,0.005042023349122979,0.0038235520478338003
18.96,-0.10001575946807861,0.0042634603090712375,0.003067263402044773
18.936,-0.16832756996154785,0.004331350424965967,0.003146528732031584
18.912,-0.0047397613525390625,0.00396563559864399,0.0029905561823397875
18.888,-0.07311797142028809,0.004038386114289343,0.003013117238879204
18.864,-0.1361461877822876,0.004095562096447539,0.0030750196892768145
18.84,-0.22915005683898926,0.004245486854878235,0.0031553020235151052
18.816,-0.13189172744750977,0.004141744863065075,0.0030066538602113724
18.792,-0.0520176887512207,0.004152311991789272,0.0030310596339404583
18.768,-0.12212145328521729,0.00446755571238722,0.003125926712527871
18.744,-0.02035975456237793,0.004291868832592696,0.003041184274479747
18.72,-0.24930822849273682,0.004756221550608173,0.0033977325074374676
18.696,-0.0935443639755249,0.0043513900736693156,0.0030252619180828333
18.672,0.0025008320808410645,0.004024469230812809,0.003008896252140403
18.648,-0.14441072940826416,0.004306280233953608,0.0030956068076193333
18.624,-0.08928370475769043,0.0041931813629077705,0.003194634336978197
18.6,-0.1233137845993042,0.004218374140443301,0.003259355900809169
18.576,-0.11851215362548828,0.004179681559724464,0.0031570300925523043
18.552,-0.40763556957244873,0.00459939138482848,0.003637265879660845
18.528,-0.16972887516021729,0.004102442656182012,0.0031300396658480167
18.504,-0.017253518104553223,0.003793797101351727,0.002968821907415986
18.48,-0.9244376420974731,0.005356121598966325,0.00432629743590951
18.456,-0.31331121921539307,0.004817061932804519,0.003668285673484206
18.432,0.006813943386077881,0.004546091744505563,0.003342479933053255
18.408,0.0013508796691894531,0.004756738013476105,0.003425542963668704
18.384,-0.007189273834228516,0.004841644178512011,0.003575023729354143
18.36,-0.0655508041381836,0.004906290576524618,0.003649033373221755
18.336,-0.022264719009399414,0.00479207214223076,0.003512738738209009
18.312,-0.010297656059265137,0.004674145695355378,0.0034002417232841253
18.288,-0.005399465560913086,0.004666929773424002,0.003446327056735754
18.264,-0.058927059173583984,0.0047024851799251435,0.003407278098165989
18.24,-0.03980231285095215,0.00465026128446414,0.003375559812411666
18.216,-0.07967638969421387,0.004647530195890347,0.003365563927218318
18.192,-0.13277947902679443,0.004631963462313663,0.0033527961932122707
18.168,-0.1877063512802124,0.00467570071365905,0.0035236102994531393
18.144,-0.022217392921447754,0.004294147967197211,0.003352849744260311
18.12,-0.07825469970703125,0.004534859459636846,0.0034009560476988554
18.096,-0.0239260196685791,0.004497744851877982,0.003374239895492792
18.072,-0.02348959445953369,0.0046278132770326925,0.0035218428820371628
18.048,-0.040080904960632324,0.004714023046772257,0.003528318367898464
18.024,-0.05929768085479736,0.004678561934376366,0.0034631933085620403
18.0,-0.17612218856811523,0.004776823944874678,0.0035410369746387005
17.976,-0.20311689376831055,0.004871714728284388,0.0038130260072648525
17.952,-0.05996096134185791,0.004669392610942202,0.003452712669968605
17.928,-0.21259033679962158,0.005127080492867165,0.0037363790906965733
17.904,-0.0713646411895752,0.004873790825724742,0.003448519390076399
17.88,-0.13876104354858398,0.00489778142736887,0.0033444904256612062
17.856,-0.04226791858673096,0.004585469022440907,0.0032517295330762863
17.832,-0.009083986282348633,0.004439874796730606,0.0032891961745917797
17.808,-0.11767113208770752,0.004798841210870189,0.0035043912939727306
17.784,0.02734309434890747,0.004615964964782897,0.003308419603854418
17.76,-0.04681074619293213,0.004855625828199775,0.003500334918498993
17.736,-0.056870341300964355,0.004838798567391698,0.003623656462877989
17.712,-0.15846657752990723,0.004989197476554754,0.0037815840914845467
17.688,-0.09059882164001465,0.0047039498183078085,0.0035829537082463503
17.664,-0.39156103134155273,0.005281780538311012,0.0040239994414150715
17.64,-0.43470728397369385,0.005368255344789817,0.00426091393455863
17.616,-0.10037803649902344,0.0047128460032276,0.003697507083415985
17.592,-0.03928029537200928,0.00458763104414817,0.00350945140235126
17.568,-0.251120924949646,0.005124769107518798,0.0038338941521942616
17.544,-0.05614912509918213,0.004818788451629645,0.0037111621350049973
17.52,-0.04452383518218994,0.004841661836221442,0.0036842171102762222
17.496,-0.17956972122192383,0.005183224208658045,0.0038514169864356518
17.472,-0.12889862060546875,0.005050213475744153,0.003916033543646336
17.448,-0.23310446739196777,0.005192941166705815,0.003901398042216897
17.424,-0.09740996360778809,0.004834308404189174,0.0037465926725417376
17.4,-0.0077056884765625,0.004590807286349826,0.0034757270477712154
17.376,-0.07092344760894775,0.004809572559019717,0.003475621808320284
17.352,-0.0045168399810791016,0.004718866093074697,0.0033916356042027473
17.328,-0.3751736879348755,0.005341575222575231,0.0040276008658111095
17.304,-0.134435772895813,0.004678908335596311,0.0035004199016839266
17.28,-0.024756908416748047,0.004270961617608335,0.003497764002531767
17.256,-0.08413827419281006,0.004485145417142778,0.003815782954916358
17.232,-0.026496529579162598,0.004844586679612968,0.004112729337066412
17.208,-0.18877077102661133,0.005727336980388103,0.0046418895944952965
17.184,-0.03528392314910889,0.005798029891312856,0.004728076513856649
17.16,-0.16843819618225098,0.006471397526002202,0.005370475351810455
17.136,-0.13201463222503662,0.006454776357484201,0.005410693120211363
17.112,-0.18087124824523926,0.005966517617289984,0.004825206473469734
17.088,-0.1382458209991455,0.005585665504983521,0.004912334028631449
17.064,-0.19942152500152588,0.006265392617915961,0.005534486845135689
17.04,-0.06473767757415771,0.004876629632714835,0.0038859695196151733
17.016,-0.04490768909454346,0.005391103281221391,0.004180240910500288
16.992,-0.0012726783752441406,0.0066350570381839506,0.004864182323217392
16.968,0.0016858577728271484,0.008761699869231844,0.005773418582975864
16.944,0.004074394702911377,0.010945959895954385,0.005428745411336422
16.92,-0.0015565156936645508,0.014139011129435764,0.006126487627625465
16.896,-0.022973299026489258,0.017391221150405034,0.007055389229208231
16.872,-0.016573309898376465,0.01995855806790217,0.008356892503798008
16.848,0.023531556129455566,0.02084383189335932,0.008275499567389488
16.824,-0.004862546920776367,0.021546027469166517,0.008726098574697971
16.8,0.01607304811477661,0.02113901126388747,0.008704738691449165
16.776,-0.017710208892822266,0.020930050509474062,0.008820015005767345
16.752,0.004116058349609375,0.020219091703908065,0.009864063002169132
16.728,-0.001064300537109375,0.01975526860311256,0.010130545124411583
16.704,0.02096092700958252,0.019585932239384166,0.010580784641206264
16.68,0.017595648765563965,0.01986967015341233,0.009468892589211464
16.656,0.005266726016998291,0.020566996822228234,0.009919262491166592
16.632,-0.019770383834838867,0.02117750273734141,0.01083359308540821
16.608,-0.027718067169189453,0.021854231173390495,0.012609833851456642
16.584,-0.10709559917449951,0.022393985923220495,0.013482030481100082
16.56,-0.047040581703186035,0.02179905339604756,0.012150413356721401
16.536,-0.014790534973144531,0.021897230895356303,0.012072592973709106
16.512,-0.004094243049621582,0.022556534276809516,0.012229999527335167
16.488,-0.0388106107711792,0.023856626285383584,0.012560511939227581
16.464,-0.05181586742401123,0.024984541971771187,0.013024364598095417
16.44,0.0032668113708496094,0.02522568475370822,0.01315742451697588
16.416,-0.031128883361816406,0.02656545534943556,0.014605903066694736
16.392,-0.06743443012237549,0.02743790691605952,0.01461320836097002
16.368,-0.038861989974975586,0.026993371451727238,0.014845781959593296
16.344,-0.033403635025024414,0.026219084492596884,0.01340074185281992
16.32,-0.05214560031890869,0.025623010028935037,0.015066551975905895
16.296,0.0058765411376953125,0.02427835177356659,0.01345009170472622
16.272,-0.032398343086242676,0.025227282630196864,0.015135573223233223
16.248,-0.00244140625,0.026861418801848544,0.01491947565227747
16.224,0.017634212970733643,0.029066595409358645,0.014860693365335464
16.2,0.04717284440994263,0.03157443523179389,0.017023326829075813
16.176,-0.09632480144500732,0.03759088703005207,0.019262045621871948
16.152,-0.04754507541656494,0.040945206944530285,0.01879977062344551
16.128,-0.01608407497406006,0.0453837482000007,0.02170850895345211
16.104,-0.09199225902557373,0.05256157839298255,0.025110511109232903
16.08,-0.04645359516143799,0.05604799775667881,0.02434033900499344
16.056,-0.048342227935791016,0.06158683553043598,0.024676185101270676
16.032,-0.006582379341125488,0.06657226231225123,0.026872172951698303
16.008,-0.035868287086486816,0.07365550088804969,0.028158044442534447
15.984,-0.00694882869720459,0.0765002094590056,0.027911977842450142
15.96,-0.027802467346191406,0.0800997978050663,0.03052014298737049
15.936,-0.047325849533081055,0.08603916602690047,0.03402909263968468
15.912,-0.005580306053161621,0.09397143300212471,0.032997045665979385
15.888,-0.023665904998779297,0.10691492797423209,0.034979112446308136
15.864,-0.018788456916809082,0.11637352541041537,0.03533128648996353
15.84,-0.019562959671020508,0.1223435624256377,0.03617008402943611
15.816,-0.038828134536743164,0.12437061467418861,0.039263173937797546
15.792,-0.03597366809844971,0.11946179142083521,0.03593295067548752
15.768,-0.04507315158843994,0.10980324270274294,0.03551565855741501
15.744,-0.04031193256378174,0.09823351000767082,0.035340555012226105
15.72,-0.0469212532043457,0.09369747359316133,0.03431966155767441
15.696,-0.045690298080444336,0.09236234635807403,0.034411344677209854
15.672,-0.038815855979919434,0.0903597351069022,0.034053269773721695
15.648,-0.06829142570495605,0.09071029131242511,0.03677312284708023
15.624,-0.05052649974822998,0.09528453917063687,0.038352418690919876
15.6,-0.05099666118621826,0.10420724306965536,0.037868157029151917
15.576,-0.050119876861572266,0.11064689074809314,0.04172021150588989
15.552,-0.028126955032348633,0.118177834803749,0.04110221937298775
15.528,-0.0059051513671875,0.1302866644485656,0.04366996884346008
15.504,-0.05002617835998535,0.14459720601588513,0.04631313309073448
15.48,-0.011252999305725098,0.14729792698510508,0.04358312487602234
15.456,-0.024261951446533203,0.14526042774328513,0.04372726380825043
15.432,-0.023883581161499023,0.1340695941488568,0.04272517189383507
15.408,-0.021757006645202637,0.11632510195404223,0.040869180113077164
15.384,-0.018848538398742676,0.0960496981761133,0.03973388671875
15.36,-0.11410093307495117,0.08031747102196289,0.040745511651039124
15.336,-0.06774342060089111,0.07261856021886674,0.03627645969390869
15.312,-0.08871734142303467,0.07328989382602638,0.03709159418940544
15.288,-0.06311404705047607,0.07285614638442674,0.036581434309482574
15.264,-0.06288003921508789,0.07470573785696949,0.036122892051935196
15.24,-0.00434267520904541,0.07461789991198256,0.038220252841711044
15.216,-0.08194780349731445,0.0781281768629748,0.03935195133090019
15.192,-0.019923925399780273,0.07517890007941008,0.03739779815077782
15.168,-0.026461482048034668,0.07322739769701365,0.03646223247051239
15.144,0.0007593631744384766,0.06909789270799074,0.03638528659939766
15.12,-0.06623721122741699,0.06866669715069836,0.03587506338953972
15.096,-0.036685943603515625,0.06502577313696296,0.036084651947021484
15.072,-0.0044754743576049805,0.06188913679945999,0.0374809168279171
15.048,-0.05572092533111572,0.06313467755942166,0.035380564630031586
15.024,-0.018903136253356934,0.06122433526745066,0.03751907870173454
15.0,-0.06751418113708496,0.061413409225857925,0.040671445429325104
14.976,-0.057321906089782715,0.06050198375155469,0.03691302239894867
14.952,-0.04581928253173828,0.06065875338137663,0.0377483032643795
14.928,0.01842200756072998,0.05960619736747422,0.034938666969537735
14.904,-0.025528907775878906,0.06209219381523441,0.03526157885789871
14.88,-0.05217397212982178,0.0638381307164708,0.03908912464976311
14.856,-0.039679646492004395,0.062234289509132464,0.03761802986264229
14.832,-0.06193101406097412,0.06109706599841414,0.03709277883172035
14.808,-0.06173133850097656,0.058854132503876576,0.03482683748006821
14.784,-0.07350075244903564,0.05750541230377657,0.03279005363583565
14.76,-0.06996846199035645,0.05954641894824265,0.03332214057445526
14.736,-0.0630500316619873,0.06574926687849919,0.03755081072449684
14.712,-0.0505908727645874,0.06942589726559366,0.03757898882031441
14.688,-0.2152785062789917,0.07752539492627696,0.05201004445552826
14.664,0.007503628730773926,0.07029685535163545,0.0372498482465744
14.64,-0.08271253108978271,0.0712393790044019,0.04167170450091362
14.616,-0.09884858131408691,0.06848598403985653,0.04387993365526199
14.592,-0.009829878807067871,0.06190535855710543,0.0358293280005455
14.568,-0.014032602310180664,0.06448158445021035,0.035648785531520844
14.544,-0.005788326263427734,0.12306465292975546,0.040365658700466156
14.52,-0.020856857299804688,0.18258384155347507,0.045394767075777054
14.496,-0.01844608783721924,0.22808881988768584,0.053387802094221115
14.472,-0.00869143009185791,0.24964287701691845,0.053441233932971954
14.448,-0.013695597648620605,0.24731340624633824,0.054667048156261444
14.424,-0.025852322578430176,0.21939200468534914,0.052678607404232025
14.4,-0.013303756713867188,0.1642486447237732,0.052724454551935196
14.376,-0.0038737058639526367,0.09793228238794886,0.04841148108243942
14.352,-0.05296981334686279,0.08261424616274012,0.045685768127441406
14.328,-0.0683516263961792,0.0827773597673706,0.04695204645395279
14.304,-0.04480588436126709,0.07907127754297935,0.04672534763813019
14.28,-0.03934013843536377,0.075412847401247,0.042262595146894455
14.256,-0.06164073944091797,0.07037657890784603,0.040016088634729385
14.232,-0.09869396686553955,0.06678441305082237,0.04136792570352554
14.208,-0.029027938842773438,0.061189772270247286,0.04290757700800896
14.184,-0.11809277534484863,0.06505349889690772,0.04572613909840584
14.16,-0.08636558055877686,0.06568436733043265,0.040123216807842255
14.136,-0.047748565673828125,0.06709776932879565,0.04167806729674339
14.112,-0.11101889610290527,0.07146691320112256,0.05020151659846306
14.088,-0.10564112663269043,0.0719842588267663,0.04480483755469322
14.064,-0.11937820911407471,0.0732749738425407,0.04512437805533409
14.04,-0.11192929744720459,0.07202369880504732,0.044311489909887314
14.016,-0.13651633262634277,0.07164493011738787,0.050125714391469955
13.992,-0.0230715274810791,0.06769125253771194,0.04279705882072449
13.968,-0.1665647029876709,0.0736107264414719,0.04528995230793953
13.944,-0.19978618621826172,0.07495727576336636,0.045059725642204285
13.92,-0.09572875499725342,0.07304598914848547,0.04963653162121773
13.896,-0.12540388107299805,0.07600472524032784,0.047565482556819916
13.872,-0.14770889282226562,0.07981146340212314,0.05611591041088104
13.848,-0.0982750654220581,0.08027660962262363,0.05389321595430374
13.824,-0.10856306552886963,0.08064357933929421,0.05145934224128723
13.8,-0.14605188369750977,0.08052286647735915,0.05031890422105789
13.776,-0.06873178482055664,0.07699383564060272,0.05172380432486534
13.752,-0.04130983352661133,0.07645305674238216,0.05035814270377159
13.728,-0.13800907135009766,0.08354040832634128,0.05398206785321236
13.704,-0.10891318321228027,0.08592038905417416,0.055249784141778946
13.68,-0.06321656703948975,0.0875079779308776,0.0513177365064621
13.656,-0.11588454246520996,0.08944548049479167,0.049553558230400085
13.632,-0.0969313383102417,0.08736928122675018,0.0510651133954525
13.608,-0.05276608467102051,0.08337580789245397,0.05138561502099037
13.584,-0.2060222625732422,0.08800661327918169,0.05533377826213837
13.56,-0.157478928565979,0.08477944413060567,0.05253178998827934
13.536,-0.07335233688354492,0.08166136683488465,0.04912927746772766
13.512,-0.0764319896697998,0.0856587076361676,0.05988623574376106
13.488,-0.052004098892211914,0.08721465465121764,0.05497211590409279
13.464,-0.05132162570953369,0.08967518023202138,0.059005677700042725
13.44,-0.05496096611022949,0.09198414186254045,0.05510784685611725
13.416,-0.09720754623413086,0.09868885563178419,0.05739491060376167
13.392,-0.11027884483337402,0.10322411445013555,0.06301601231098175
13.368,-0.04022502899169922,0.10289281043336386,0.05936668813228607
13.344,-0.002256631851196289,0.10559310469609422,0.05812514200806618
13.32,-0.09517550468444824,0.11534792348881184,0.062034331262111664
13.296,-0.08153128623962402,0.12132475338590866,0.061265215277671814
13.272,-0.12841367721557617,0.13320838604602758,0.06382027268409729
13.248,-0.08625638484954834,0.13676679312042517,0.06770610809326172
13.224,-0.08077836036682129,0.139897105092138,0.06254614889621735
13.2,-0.060509562492370605,0.13739475291634481,0.06654495000839233
13.176,-0.05990254878997803,0.12907622430628227,0.06092502176761627
13.152,-0.11222529411315918,0.1189311993185917,0.05876335874199867
13.128,-0.07720112800598145,0.1050263637202318,0.054193705320358276
13.104,-0.04871845245361328,0.09808567047082793,0.054747942835092545
13.08,-0.024819254875183105,0.09644989196701832,0.059503525495529175
13.056,-0.11880290508270264,0.1009863365430822,0.05705060809850693
13.032,-0.06839895248413086,0.10154883586224732,0.05723549425601959
13.008,-0.025642991065979004,0.10157558008475943,0.059759367257356644
12.984,-0.09525108337402344,0.10841854012156134,0.06223088502883911
12.96,-0.08655297756195068,0.11236506787740799,0.062465500086545944
12.936,-0.11562323570251465,0.11772816627726916,0.062360264360904694
12.912,-0.13404154777526855,0.12121111811711399,0.06477738916873932
12.888,-0.10919022560119629,0.11963982824175091,0.0650181993842125
12.864,-0.08269631862640381,0.11967628475013192,0.06580393761396408
12.84,-0.12316644191741943,0.12718201324334727,0.06897662580013275
12.816,-0.0812828540802002,0.1286733141079201,0.06546838581562042
12.792,-0.08920836448669434,0.1313145251837395,0.06285816431045532
12.768,-0.08884251117706299,0.13595677299458542,0.06533103436231613
12.744,-0.09806990623474121,0.123542039098977,0.06583549082279205
12.72,-0.05777585506439209,0.18634614957242931,0.07152462005615234
12.696,-0.03180122375488281,0.2584777831310629,0.07485315948724747
12.672,-0.07953262329101562,0.12758210698656894,0.0636555626988411
12.648,-0.08087420463562012,0.1266104989809897,0.06791834533214569
12.624,-0.05957961082458496,0.12687619152355215,0.06255434453487396
12.6,-0.09272122383117676,0.13055342165308345,0.06311552971601486
12.576,-0.13028991222381592,0.13289926303505986,0.06509587913751602
12.552,-0.11421918869018555,0.13359186159996603,0.06767947971820831
12.528,-0.024434566497802734,0.3844771683602331,0.08167006075382233
12.504,-0.05651664733886719,0.16393176046643435,0.06892254948616028
12.48,-0.036980628967285156,0.16892709799244643,0.07338400185108185
12.456,-0.07365047931671143,0.15774630300720843,0.07346519827842712
12.432,-0.038104891777038574,0.2255893310687954,0.07699478417634964
12.408,-0.0305938720703125,0.2655562003176956,0.0761394277215004
12.384,-0.021385550498962402,0.29275811570724736,0.07906695455312729
12.36,-0.03021228313446045,0.3269596295182584,0.08247896283864975
12.336,-0.029705405235290527,0.3619754251337048,0.08882147073745728
12.312,-0.02570188045501709,0.3845628891708411,0.09168720990419388
12.288,-0.011130213737487793,0.38110107186491277,0.08382998406887054
12.264,-0.03194248676300049,0.3588467322669697,0.08344041556119919
12.24,-0.022980928421020508,0.32055712871993736,0.08338519185781479
12.216,-0.040288448333740234,0.3233002094850708,0.08602039515972137
12.192,-0.04588949680328369,0.2911281368198,0.08230307698249817
12.168,-0.05649232864379883,0.26480039055952503,0.07716858386993408
12.144,-0.03616833686828613,0.24714282634039544,0.07843687385320663
12.12,-0.02942490577697754,0.2604258472095971,0.08438066393136978
12.096,-0.03393411636352539,0.2581082295195444,0.07966337352991104
12.072,-0.042881131172180176,0.24745966271942982,0.07693184912204742
12.048,-0.04114258289337158,0.2279905334429388,0.07479508221149445
12.024,-0.022298455238342285,0.20140105220814347,0.07214237004518509
12.0,0.010342240333557129,0.18025116002732003,0.06572217494249344
11.976,-0.07825624942779541,0.16452944246478424,0.07350117713212967
11.952,-0.06570923328399658,0.15015437407815313,0.06798174232244492
11.928,-0.06031978130340576,0.14330434704550732,0.06504430621862411
11.904,-0.11409652233123779,0.14445776617827136,0.06705429404973984
11.88,-0.10032796859741211,0.14344421989100012,0.06788330525159836
11.856,-0.07627713680267334,0.1401066232723524,0.06619424372911453
11.832,-0.037871360778808594,0.13430911988628857,0.06384941935539246
11.808,-0.10422623157501221,0.13433460055232554,0.06511861085891724
11.784,-0.05908787250518799,0.12903513389649338,0.06193499267101288
11.76,-0.10501694679260254,0.13383235370214902,0.06372582167387009
11.736,-0.12006044387817383,0.14008991111024277,0.06539503484964371
11.712,-0.09657621383666992,0.1459523649017239,0.0663052573800087
11.688,-0.06417453289031982,0.1495530909050662,0.06788749247789383
11.664,-0.0795971155166626,0.15296808713159535,0.06543529033660889
11.64,-0.09329330921173096,0.15254111221440733,0.06592514365911484
11.616,-0.056954264640808105,0.14649077719367148,0.0657024160027504
11.592,-0.07055044174194336,0.14648286818683015,0.0662010908126831
11.568,-0.0438002347946167,0.1478299078459363,0.0667925775051117
11.544,-0.06998610496520996,0.1534844752733411,0.06544579565525055
11.52,-0.02320849895477295,0.1538098350353713,0.06230459734797478
11.496,-0.07220077514648438,0.16007512061379503,0.06439259648323059
11.472,-0.061792969703674316,0.15900342344476207,0.06560656428337097
11.448,-0.04827737808227539,0.1576651858168828,0.06717527657747269
11.424,-0.0573962926864624,0.1550722378110561,0.06816849857568741
11.4,-0.09231579303741455,0.12847165338144007,0.061045486479997635
11.376,-0.0361708402633667,0.17337033178285233,0.06680148094892502
11.352,-0.028987407684326172,0.23106739721868774,0.07511676102876663
11.328,-0.029367804527282715,0.23653868288257338,0.073516845703125
11.304,-0.08103418350219727,0.1327180316084642,0.065614253282547
11.28,-0.1043710708618164,0.13693058768550168,0.06816218793392181
11.256,-0.08990633487701416,0.13870907674028532,0.0670117512345314
11.232,-0.06980657577514648,0.1386504358186417,0.06614687293767929
11.208,-0.06720972061157227,0.1444237670237978,0.06791271269321442
11.184,-0.09186649322509766,0.15835690971153082,0.07240889966487885
11.16,-0.10300171375274658,0.17279202572770164,0.07638907432556152
11.136,-0.06800615787506104,0.18155984210171572,0.07318275421857834
11.112,-0.038815975189208984,0.3227566994504347,0.08853866904973984
11.088,-0.05691099166870117,0.2153906709922102,0.08197662979364395
11.064,-0.03529775142669678,0.28275045852472175,0.08702799677848816
11.04,-0.05765819549560547,0.2610226954644579,0.09299846738576889
11.016,-0.06012105941772461,0.2759686619409976,0.09585775434970856
10.992,-0.05171012878417969,0.2748074274529764,0.08869724720716476
10.968,-0.04321324825286865,0.26608683603458105,0.09240661561489105
10.944,-0.06931495666503906,0.26263190145834114,0.10217034071683884
10.92,-0.05765080451965332,0.2577581059266288,0.09730349481105804
10.896,-0.052431464195251465,0.2637294141365102,0.09035629779100418
10.872,-0.03604698181152344,0.29963617217425464,0.0945315808057785
10.848,-0.04489028453826904,0.3526845087772594,0.10083281248807907
10.824,-0.03149378299713135,0.3980234463041957,0.10823675990104675
10.8,-0.028538107872009277,0.42993337359016864,0.10655538737773895
10.776,-0.02370154857635498,0.4347173720570984,0.10406631231307983
10.752,-0.022590279579162598,0.3989188334911737,0.0921698585152626
10.728,-0.029980897903442383,0.3760869446262757,0.09456730633974075
10.704,-0.02380061149597168,0.45602304156861434,0.10492846369743347
10.68,-0.03341639041900635,0.38929916445468277,0.09481967240571976
10.656,-0.02608168125152588,0.4348397266340252,0.09517528861761093
10.632,-0.06656157970428467,0.2352865057971416,0.08915791660547256
10.608,-0.04250955581665039,0.2650491981001998,0.08495917916297913
10.584,-0.02220785617828369,0.5077018617267898,0.10928542912006378
10.56,-0.01983773708343506,0.3518492059417607,0.09263793379068375
10.536,-0.0338362455368042,0.2506273712607291,0.08944971859455109
10.512,-0.015427350997924805,0.48468715084808583,0.10357241332530975
10.488,-0.016641736030578613,0.531718636422225,0.10742277652025223
10.464,-0.029217958450317383,0.33830787826995035,0.09943477809429169
10.44,-0.029233455657958984,0.3070553690049121,0.09870228171348572
10.416,-0.046987295150756836,0.2872235207491945,0.09506214410066605
10.392,-0.02745234966278076,0.2840668628009278,0.09425652772188187
10.368,-0.036563754081726074,0.30060929176071255,0.0929088145494461
10.344,-0.02915787696838379,0.414859149309397,0.10262428969144821
10.32,-0.04058408737182617,0.3599769278258967,0.10530345886945724
10.296,-0.033229827880859375,0.3936266206263993,0.10460684448480606
10.272,-0.01810610294342041,0.43907544330782405,0.10730249434709549
10.248,-0.025689244270324707,0.4407553642268917,0.102696493268013
10.224,-0.02571868896484375,0.4286197400252872,0.10188087075948715
10.2,-0.023764967918395996,0.4039155940555859,0.10143716633319855
10.176,-0.03257596492767334,0.39091421864540754,0.10065615177154541
10.152,-0.0430600643157959,0.35643381596667567,0.09874231368303299
10.128,-0.023334860801696777,0.4819290330974446,0.11373026669025421
10.104,-0.04303097724914551,0.3285127347077402,0.09792675822973251
10.08,-0.047119975090026855,0.3194896433074017,0.09708996117115021
10.056,-0.05316615104675293,0.27863418548814733,0.09045136719942093
10.032,-0.03831040859222412,0.3507444188210253,0.09831986576318741
10.008,-0.06251227855682373,0.24352298429283648,0.08099563419818878
9.984,-0.05139482021331787,0.20883264113600966,0.07950475811958313
9.96,-0.10408079624176025,0.18204070709285863,0.07667985558509827
9.936,-0.06949424743652344,0.16280992645016226,0.08384555578231812
9.912,-0.06067216396331787,0.16888654381293083,0.07745412737131119
9.888,-0.07204794883728027,0.20697907024170759,0.0840967670083046
9.864,-0.04621708393096924,0.257887323676759,0.0884900763630867
9.84,-0.03891932964324951,0.3473081989602079,0.0988069698214531
9.816,-0.030625343322753906,0.4145886299459497,0.0982801541686058
9.792,-0.08413684368133545,0.20163855079018572,0.08602521568536758
9.768,-0.09743833541870117,0.2016758762541083,0.08909568190574646
9.744,-0.08105933666229248,0.20024071155394238,0.08691290020942688
9.72,-0.08365356922149658,0.2029340561808641,0.0871744230389595
9.696,-0.054412007331848145,0.20278517099588064,0.08870840817689896
9.672,-0.0729527473449707,0.2080005143009072,0.08589588105678558
9.648,-0.0579143762588501,0.21250018792985573,0.08330167084932327
9.624,-0.049854278564453125,0.22291981841173636,0.08901780843734741
9.6,-0.06189370155334473,0.2427133496561506,0.08477970212697983
9.576,-0.053501009941101074,0.25726074362397566,0.09024962037801743
9.552,-0.05572211742401123,0.2695911451492233,0.09185389429330826
9.528,-0.06664764881134033,0.2735614768033745,0.09276549518108368
9.504,-0.034917593002319336,0.4702912107192641,0.11108259111642838
9.48,-0.0451810359954834,0.3605592330848095,0.10433275252580643
9.456,-0.05731356143951416,0.2875974101403937,0.09961208701133728
9.432,-0.08443200588226318,0.2430515565240455,0.09743177145719528
9.408,-0.0771716833114624,0.23289640853902482,0.09601437300443649
9.384,-0.08514022827148438,0.24437380526999408,0.0915101170539856
9.36,-0.0684669017791748,0.2535470769618927,0.09243977814912796
9.336,-0.0708303451538086,0.2557805791763336,0.09141092002391815
9.312,-0.07821166515350342,0.2483382053598713,0.09016340225934982
9.288,-0.08065056800842285,0.23516270669836703,0.09245818853378296
9.264,-0.10732471942901611,0.22895694568382452,0.09070080518722534
9.24,-0.08618533611297607,0.23035091685333514,0.0905628427863121
9.216,-0.05469679832458496,0.2433383653979943,0.09643027186393738
9.192,-0.07965660095214844,0.27213715213544715,0.09861018508672714
9.168,-0.08065593242645264,0.29962176231430143,0.1052820011973381
9.144,-0.05906975269317627,0.31875225702122467,0.10819513350725174
9.12,-0.059606075286865234,0.32874080229899605,0.10641790181398392
9.096,-0.0608065128326416,0.3280155930454353,0.10451715439558029
9.072,-0.06545734405517578,0.3411939480268864,0.11099396646022797
9.048,-0.06530272960662842,0.39491732752263664,0.11798474937677383
9.024,-0.03914749622344971,0.45181438390349865,0.11932233721017838
9.0,-0.07343196868896484,0.30825795845020354,0.11222715675830841
8.976,-0.050862789154052734,0.3904449811022993,0.12247028201818466
8.952,-0.06284213066101074,0.2830374134239641,0.11099089682102203
8.928,-0.03561270236968994,0.47881020023046106,0.123023122549057
8.904,-0.05443906784057617,0.39817827805447353,0.11482935398817062
8.88,-0.05964052677154541,0.30390123250393797,0.10605914145708084
8.856,-0.04517948627471924,0.2776093621450689,0.09821917861700058
8.832,-0.07058477401733398,0.34212650208288065,0.10499956458806992
8.808,-0.0455247163772583,0.4364249269754957,0.11798673868179321
8.784,-0.027458667755126953,0.560493333764976,0.13096436858177185
8.76,-0.07610297203063965,0.30587591806156267,0.10418447852134705
8.736,-0.04897260665893555,0.32381739535346843,0.10935994237661362
8.712,-0.04006814956665039,0.4830263189032137,0.1250840276479721
8.688,-0.03802227973937988,0.5622391095732943,0.13808117806911469
8.664,-0.03229093551635742,0.41458904327920565,0.12692934274673462
8.64,-0.04025542736053467,0.5906093504512686,0.14627720415592194
8.616,-0.05137670040130615,0.4521517660788826,0.13157862424850464
8.592,-0.05078136920928955,0.4414555007330027,0.12218782305717468
8.568,-0.03352212905883789,0.5163680415943994,0.12927526235580444
8.544,-0.032938480377197266,0.5853730343841258,0.13101500272750854
8.52,-0.07516729831695557,0.2957766946561719,0.10081707686185837
8.496,-0.047580599784851074,0.31455732479116866,0.10806773602962494
8.472,-0.06751322746276855,0.33931443220155094,0.1088130846619606
8.448,-0.04380333423614502,0.48259711847140635,0.11856543272733688
8.424,-0.05444037914276123,0.43682746625885327,0.11884018778800964
8.4,-0.053961992263793945,0.40197390622172197,0.11925274133682251
8.376,-0.058762311935424805,0.3553574566007928,0.11408081650733948
8.352,-0.03981459140777588,0.5787027153077339,0.13854165375232697
8.328,-0.038289666175842285,0.5935013652020944,0.14171501994132996
8.304,-0.03151214122772217,0.5131666360334532,0.13424092531204224
8.28,-0.034798502922058105,0.4848598699075142,0.12615282833576202
8.256,-0.03905916213989258,0.4028029367748491,0.11800915002822876
8.232,-0.053182125091552734,0.4139237441286081,0.11486749351024628
8.208,-0.053344130516052246,0.4233793000486337,0.11827053874731064
8.184,-0.03805947303771973,0.5371051857524838,0.13605047762393951
8.16,-0.05121016502380371,0.5410657508296808,0.14572244882583618
8.136,-0.05061066150665283,0.5260061182783116,0.15147343277931213
8.112,-0.062190890312194824,0.5405069431772952,0.15075862407684326
8.088,-0.04181826114654541,0.5620852371769874,0.15968121588230133
8.064,-0.04743814468383789,0.6102173192213606,0.17071372270584106
8.04,-0.0646129846572876,0.5937583822361394,0.16540849208831787
8.016,-0.06714391708374023,0.5695964550896501,0.1632896214723587
7.992,-0.0625007152557373,0.5938256366137088,0.1648375540971756
7.968,-0.05667591094970703,0.6115319884051763,0.1648305207490921
7.944,-0.06767880916595459,0.5699170191494564,0.1598850041627884
7.92,-0.0445406436920166,0.5932693041406788,0.16784480214118958
7.896,-0.050836801528930664,0.6554541075824905,0.16748006641864777
7.872,-0.07058072090148926,0.5225416744988465,0.15470603108406067
7.848,-0.06825399398803711,0.515231126568252,0.15813495218753815
7.824,-0.05612754821777344,0.528601242089012,0.15577884018421173
7.8,-0.11171913146972656,0.3751258638874747,0.13700784742832184
7.776,-0.08000171184539795,0.3369673645315102,0.12973597645759583
7.752,-0.08102035522460938,0.37683989252193995,0.12712541222572327
7.728,-0.03508186340332031,0.6922640893727766,0.16216380894184113
7.704,-0.04193282127380371,0.6558080047610412,0.16206634044647217
7.68,-0.0559924840927124,0.5636216213271411,0.15677322447299957
7.656,-0.05568110942840576,0.5862498912933184,0.1657005101442337
7.632,-0.05691182613372803,0.6175387626327259,0.16749975085258484
7.608,-0.07440018653869629,0.47660098936648176,0.14658457040786743
7.584,-0.06563854217529297,0.5762132532811406,0.1587175875902176
7.56,-0.06699490547180176,0.5086522421770654,0.1497224122285843
7.536,-0.07086634635925293,0.4613117379840035,0.14502587914466858
7.512,-0.05607759952545166,0.47041771177655006,0.14314980804920197
7.488,-0.04407036304473877,0.5224127631393265,0.15106774866580963
7.464,-0.04784369468688965,0.596238517930579,0.1577979326248169
7.44,-0.04901862144470215,0.7405313585532982,0.18477720022201538
7.416,-0.05143332481384277,0.7022628372651393,0.17046894133090973
7.392,-0.0470583438873291,0.7909543237362642,0.195248082280159
7.368,-0.0368192195892334,0.8922084652229527,0.21745382249355316
7.344,-0.041028499603271484,0.7742778566896342,0.1966242492198944
7.32,-0.04220592975616455,0.7664286230090056,0.19892609119415283
7.296,-0.06600725650787354,0.6581918732448304,0.18566465377807617
7.272,-0.05036318302154541,0.8200150086611061,0.21795091032981873
7.248,-0.04277491569519043,0.731642203830822,0.21287600696086884
7.224,-0.0730128288269043,0.6564705568888801,0.19987668097019196
7.2,-0.07523179054260254,0.617777457934216,0.20408138632774353
7.176,-0.08575177192687988,0.6781993886692889,0.22172412276268005
7.152,-0.0686730146408081,0.9097870827057033,0.27295276522636414
7.128,-0.08164143562316895,1.0448360800058694,0.31465673446655273
7.104,-0.07001137733459473,1.032223790795711,0.3037148118019104
7.08,-0.07133591175079346,1.0122152163463984,0.2944912314414978
7.056,-0.06640076637268066,0.957213995476847,0.2877345383167267
7.032,-0.07031869888305664,0.9861143881485146,0.27975040674209595
7.008,-0.061551570892333984,1.0130679880394,0.2798754572868347
6.984,-0.06605815887451172,0.9997883811197721,0.279075562953949
6.96,-0.05513143539428711,0.9109771693705165,0.2566603124141693
6.936,-0.05322265625,1.0185677371190354,0.28455016016960144
6.912,-0.06969988346099854,0.8375927944871726,0.2429678589105606
6.888,-0.07429540157318115,0.7788205710898161,0.23250281810760498
6.864,-0.06435573101043701,0.9297753941636787,0.263267457485199
6.84,-0.06365013122558594,0.9558198073366051,0.2688063681125641
6.816,-0.07438802719116211,0.6683416831318615,0.2180621474981308
6.792,-0.06286442279815674,0.7164614357695795,0.21639925241470337
6.768,-0.05344808101654053,0.5759311755159623,0.19370050728321075
6.744,-0.07790279388427734,0.5266108187910437,0.17933709919452667
6.72,-0.06724369525909424,0.5668507377538282,0.17720873653888702
6.696,-0.0615391731262207,0.6320787343599925,0.1812530905008316
6.672,-0.04620218276977539,0.7759406303499323,0.19963999092578888
6.648,-0.04549145698547363,0.7015834652289294,0.18670709431171417
6.624,-0.04788064956665039,0.6721424413287097,0.1836063265800476
6.6,-0.03858590126037598,0.6733276056252216,0.18289785087108612
6.576,-0.04408419132232666,0.6881565297081464,0.17560724914073944
6.552,-0.050011396408081055,0.6754307582176723,0.18122893571853638
6.528,-0.04285728931427002,0.7095293204880491,0.19614934921264648
6.504,-0.04896712303161621,0.62809886403533,0.18053840100765228
6.48,-0.05621767044067383,0.5960533488370025,0.17610827088356018
6.456,-0.05472147464752197,0.697072170572538,0.19470669329166412
6.432,-0.04995143413543701,0.773207466519553,0.19826465845108032
6.408,-0.0460132360458374,0.7031123478069025,0.18281090259552002
6.384,-0.05029702186584473,0.6943037452156098,0.18398940563201904
6.36,-0.0402907133102417,0.6817747273830551,0.18548467755317688
6.336,-0.05986738204956055,0.5038103411578202,0.15807685256004333
6.312,-0.04332852363586426,0.7962096185190898,0.2049916386604309
6.288,-0.050271034240722656,0.5307913651736391,0.1541481763124466
6.264,-0.04913020133972168,0.5442699785241042,0.1587727665901184
6.24,-0.04493093490600586,0.5796475851707071,0.171871617436409
6.216,-0.05291926860809326,0.7354114199082883,0.19615687429904938
6.192,-0.04348254203796387,0.849628913040882,0.21643635630607605
6.168,-0.05207943916320801,0.7230859252342778,0.19868077337741852
6.144,-0.05232846736907959,0.7101775918403858,0.19863347709178925
6.12,-0.05389714241027832,0.7030351793350892,0.18842385709285736
6.096,-0.04656660556793213,0.730325205361449,0.1979900300502777
6.072,-0.05937767028808594,0.708548377623197,0.2123412787914276
6.048,-0.05360376834869385,0.8278831272662279,0.22889301180839539
6.024,-0.04608190059661865,0.8893694141719187,0.23659731447696686
6.0,-0.04975104331970215,0.9699670775715655,0.24924644827842712
5.976,-0.042890191078186035,0.907835133150587,0.2371586561203003
5.952,-0.04461014270782471,0.9117240663715029,0.23014603555202484
5.928,-0.04935157299041748,0.8053248575703491,0.21371696889400482
5.904,-0.0399630069732666,0.7659787898177424,0.20648276805877686
5.88,-0.045143961906433105,0.6785055604494608,0.18229377269744873
5.856,-0.03618168830871582,0.7471578309898684,0.192555770277977
5.832,-0.03690445423126221,0.7767621649067934,0.19774673879146576
5.808,-0.03240251541137695,0.6815189810479423,0.181086465716362
5.784,-0.05822157859802246,0.6298342663886831,0.18028539419174194
5.76,-0.041539788246154785,0.8648827313991292,0.2232281118631363
5.736,-0.046135902404785156,0.7576361382148274,0.20112742483615875
5.712,-0.04108297824859619,0.772568648167651,0.20254838466644287
5.688,-0.042058706283569336,0.6610614281662169,0.19176605343818665
5.664,-0.03923237323760986,0.8438494941542196,0.2219248116016388
5.64,-0.04039168357849121,0.8279798488445361,0.21623961627483368
5.616,-0.05901622772216797,0.7651935841085501,0.2075244039297104
5.592,-0.059128761291503906,0.8372841798919521,0.23201559484004974
5.568,-0.04639732837677002,0.8047843430400082,0.22206057608127594
5.544,-0.05380606651306152,0.8883735239755508,0.2453923225402832
5.52,-0.05437016487121582,0.7984805668452912,0.2510400116443634
5.496,-0.04866814613342285,0.7890063728539294,0.241722971200943
5.472,-0.06315076351165771,0.792511267777494,0.24088795483112335
5.448,-0.061293959617614746,0.7156210670196536,0.2231254279613495
5.424,-0.04986405372619629,0.8610049655740105,0.24821428954601288
5.4,-0.053511857986450195,0.742422849583661,0.22508244216442108
5.376,-0.05197000503540039,0.7406941699470536,0.21826642751693726
5.352,-0.03997337818145752,0.8216186297639974,0.2360391467809677
5.328,-0.04057776927947998,0.641046641155584,0.20471400022506714
5.304,-0.04709494113922119,0.7603489222898389,0.21871913969516754
5.28,-0.05277824401855469,0.7174527444463579,0.2117656022310257
5.256,-0.03480517864227295,0.9288251708300811,0.2428354173898697
5.232,-0.04449355602264404,0.6865172514765641,0.1977345496416092
5.208,-0.04392826557159424,0.7575044694145467,0.21157628297805786
5.184,-0.03391063213348389,0.6550931270294146,0.20286358892917633
5.16,-0.06114768981933594,0.5977497650985224,0.18343907594680786
5.136,-0.04438483715057373,0.4763621237322632,0.16048094630241394
5.112,-0.03777813911437988,0.6676593532441036,0.19525562226772308
5.088,-0.04668247699737549,0.9228091275585957,0.2404622733592987
5.064,-0.04981279373168945,0.8731651140745189,0.22986343502998352
5.04,-0.047536253929138184,0.8447120973969229,0.21830327808856964
5.016,-0.042783379554748535,0.9867573625586126,0.24894537031650543
4.992,-0.04478645324707031,0.9534915781954428,0.24580654501914978
4.968,-0.04355359077453613,1.0227931666098569,0.2572190761566162
4.944,-0.05899059772491455,0.8073556608041661,0.21982353925704956
4.92,-0.03626096248626709,0.850155078541489,0.20811666548252106
4.896,-0.033850669860839844,0.685331174819543,0.17749714851379395
4.872,-0.03648221492767334,1.063063752452582,0.2624662518501282
4.848,-0.04696214199066162,1.0732960570320984,0.2626238763332367
4.824,-0.04071247577667236,1.069217316480069,0.2593044340610504
4.8,-0.04225444793701172,1.1633039729740857,0.2829880714416504
4.776,-0.03379464149475098,0.9344703357758216,0.2329201102256775
4.752,-0.0456242561340332,1.0270648766355908,0.24275462329387665
4.728,-0.04150557518005371,0.9607720891739429,0.2269938737154007
4.704,-0.038869261741638184,1.0716211713524266,0.25493529438972473
4.68,-0.05145251750946045,1.0469702492269866,0.2569892108440399
4.656,-0.04948687553405762,0.9246863155479876,0.2330600768327713
4.632,-0.04535520076751709,0.6965867057760032,0.18242813646793365
4.608,-0.03586232662200928,0.9264150775624599,0.2237124890089035
4.584,-0.04152834415435791,0.6651671702138431,0.1734134554862976
4.56,-0.039214253425598145,0.6801873922897376,0.16894283890724182
4.536,-0.0421065092086792,0.7665309606222891,0.18870681524276733
4.512,-0.03401052951812744,0.7624594583833643,0.1904628425836563
4.488,-0.03650927543640137,0.8079555406967919,0.19725021719932556
4.464,-0.04088854789733887,0.6953868826180558,0.17161904275417328
4.44,-0.04574131965637207,0.7386200142764933,0.18327367305755615
4.416,-0.03414273262023926,0.7650046268024026,0.1726718693971634
4.392,-0.023220300674438477,0.6796472690996915,0.15440252423286438
4.368,-0.030094623565673828,0.6946708204263592,0.15986333787441254
4.344,-0.04895377159118652,0.5923348175639181,0.14936047792434692
4.32,-0.040161728858947754,0.5244656329664391,0.131330668926239
4.296,-0.054502248764038086,0.4296319058606594,0.12824846804141998
4.272,-0.06413912773132324,0.42555465268135295,0.12918402254581451
4.248,-0.04791760444641113,0.6235905251530721,0.15405277907848358
4.224,-0.070381760597229,0.4269306522468569,0.14002613723278046
4.2,-0.04377400875091553,0.3319481016278588,0.1266597956418991
4.176,-0.11050033569335938,0.3154010346334005,0.1292252391576767
4.152,-0.09319484233856201,0.2926470579831092,0.12917712330818176
4.128,-0.024090886116027832,0.2845345735853338,0.1328428089618683
4.104,-0.0817798376083374,0.43134107595497995,0.15373831987380981
4.08,-0.06193876266479492,0.4054943723429188,0.15274648368358612
4.056,-0.050795674324035645,0.4544500510925137,0.15285758674144745
4.032,-0.03339338302612305,0.4884928740622974,0.15453511476516724
4.008,-0.057861328125,0.5876966137299564,0.17418049275875092
3.984,-0.054929256439208984,0.5848138844077294,0.16679351031780243
3.96,-0.06917703151702881,0.49394632371804237,0.15662319958209991
3.936,-0.024718165397644043,0.48379865320376203,0.14706893265247345
3.912,-0.05434250831604004,0.48793472200709365,0.15270328521728516
3.888,-0.04022037982940674,0.5018764392741885,0.147731214761734
3.864,-0.05454754829406738,0.4939313603757761,0.15079297125339508
3.84,-0.07697343826293945,0.42550385914833205,0.15066395699977875
3.816,-0.06900238990783691,0.5099412754319762,0.16844330728054047
3.792,-0.04022848606109619,0.8259627706621513,0.21635083854198456
3.768,-0.0531306266784668,0.8494995046146019,0.21268655359745026
3.744,-0.06936991214752197,0.6795543013974268,0.19402451813220978
3.72,-0.05198967456817627,0.8290551557909379,0.21308080852031708
3.696,-0.05227506160736084,0.7597953574827766,0.20469269156455994
3.672,-0.02379012107849121,0.7368306436041636,0.19695934653282166
3.648,-0.05949842929840088,0.8082687166939457,0.21228133141994476
3.624,-0.08013904094696045,0.641811760272975,0.19335269927978516
3.6,-0.056717634201049805,0.8104300541168338,0.2133815735578537
3.576,-0.05397903919219971,0.7529394245631333,0.20945601165294647
3.552,-0.056157469749450684,0.8134169173155437,0.21470363438129425
3.528,-0.048040032386779785,0.9340880613635892,0.2331046313047409
3.504,-0.03803110122680664,0.784086723090295,0.21087568998336792
3.48,-0.057213425636291504,0.8088184357804031,0.20658402144908905
3.456,-0.08296346664428711,0.7023676290048939,0.2053459733724594
3.432,-0.06402087211608887,0.7444167138109655,0.20071174204349518
3.408,-0.06602978706359863,0.655800983676481,0.18059320747852325
3.384,-0.08494067192077637,0.4868787842237441,0.15724194049835205
3.36,-0.05188584327697754,0.673011506092799,0.1721944957971573
3.336,-0.05643415451049805,0.6699644470033956,0.16843287646770477
3.312,-0.06479215621948242,0.5384836544418019,0.15076297521591187
3.288,-0.04533207416534424,0.6580404878714188,0.1621464490890503
3.264,-0.061650991439819336,0.4423596542393628,0.14108605682849884
3.24,-0.09852743148803711,0.38400774833193296,0.13663847744464874
3.216,-0.07999968528747559,0.4463170583278786,0.13910752534866333
3.192,-0.08577108383178711,0.4237479208723617,0.13839900493621826
3.168,-0.06195497512817383,0.46161219146647137,0.14360003173351288
3.144,-0.0663914680480957,0.5635565266321709,0.15033631026744843
3.12,-0.05988478660583496,0.5085109309256588,0.13810934126377106
3.096,-0.04136240482330322,0.6813643149610767,0.16048435866832733
3.072,-0.05390369892120361,0.650720667223022,0.15640580654144287
3.048,-0.04172194004058838,0.7071759829255524,0.16395914554595947
3.024,-0.04421186447143555,0.7095066385341676,0.15910539031028748
3.0,-0.0509343147277832,0.6037800774279324,0.1487523913383484
2.976,-0.057375311851501465,0.6584956031513494,0.16164715588092804
2.952,-0.05430185794830322,0.6224007200637148,0.14942213892936707
2.928,-0.0550234317779541,0.5676361673899304,0.1390560120344162
2.904,-0.07643532752990723,0.42988581849173346,0.12517911195755005
2.88,-0.062148332595825195,0.5394526741970646,0.13772232830524445
2.856,-0.05705451965332031,0.43246738087572256,0.11657731980085373
2.832,-0.0395427942276001,0.5612904206144755,0.13586165010929108
2.808,-0.044793128967285156,0.6332705217719121,0.14170010387897491
2.784,-0.05459189414978027,0.6283096658826214,0.15721823275089264
2.76,-0.058701515197753906,0.46684225013492486,0.12569771707057953
2.736,-0.06833314895629883,0.44925843768403434,0.1266452670097351
2.712,-0.0670539140701294,0.4274168708632446,0.12464696913957596
2.688,-0.06909334659576416,0.40757416451043343,0.12032870948314667
2.664,-0.05527520179748535,0.5270425572159227,0.13130711019039154
2.64,-0.06380772590637207,0.47539706072999993,0.12620851397514343
2.616,-0.04416513442993164,0.5161268797267646,0.1316377818584442
2.592,-0.055739402770996094,0.6329488725067133,0.1521558165550232
2.568,-0.05484187602996826,0.6044950223249235,0.1465449184179306
2.544,-0.06082510948181152,0.5897805893788751,0.14719314873218536
2.52,-0.06709802150726318,0.6050879234471196,0.1512955278158188
2.496,-0.06563317775726318,0.591307661337712,0.14963267743587494
2.472,-0.06342291831970215,0.5514830859020994,0.13987141847610474
2.448,-0.07774186134338379,0.4952952950555082,0.14511576294898987
2.424,-0.06921231746673584,0.5495412408800717,0.14537043869495392
2.4,-0.059282779693603516,0.5854618430665569,0.1537129431962967
2.376,-0.07584810256958008,0.471508445220144,0.13734260201454163
2.352,-0.081412672996521,0.49176726490717326,0.1449068933725357
2.328,-0.06869828701019287,0.6210239779071007,0.15806123614311218
2.304,-0.057228803634643555,0.5302752640553976,0.14073432981967926
2.28,-0.05934607982635498,0.5392695595948084,0.13670988380908966
2.256,-0.06139957904815674,0.5095499978451883,0.13797461986541748
2.232,-0.07917451858520508,0.4226218958799631,0.13012459874153137
2.208,-0.08895230293273926,0.41429079707731997,0.1278500109910965
2.184,-0.0810232162475586,0.3930989506677166,0.12365277856588364
2.16,-0.06486272811889648,0.5200276118980444,0.13932569324970245
2.136,-0.0689324140548706,0.39556867343149466,0.12280312925577164
2.112,-0.0818861722946167,0.4364715306358777,0.13765473663806915
2.088,-0.05218160152435303,0.48370043636205334,0.12715619802474976
2.064,-0.08317053318023682,0.35659596643017305,0.12126336991786957
2.04,-0.06635820865631104,0.3582869104137041,0.11942850053310394
2.016,-0.08808791637420654,0.3800828304175928,0.13054408133029938
1.992,-0.07894694805145264,0.4173823191060143,0.13443446159362793
1.968,-0.06469261646270752,0.45001432210595155,0.13112619519233704
1.944,-0.08582961559295654,0.37414465152710946,0.13580124080181122
1.92,-0.06645631790161133,0.4789939513810114,0.1389458179473877
1.896,-0.0937502384185791,0.36097675456816053,0.13045863807201385
1.872,-0.09352970123291016,0.3658778188692646,0.13314220309257507
1.848,-0.09613180160522461,0.3615361207852703,0.12825007736682892
1.824,-0.08439421653747559,0.4374367293519885,0.14052197337150574
1.8,-0.05957198143005371,0.41883886091906214,0.12901070713996887
1.776,-0.07665073871612549,0.3763833557678618,0.12386618554592133
1.752,-0.028858661651611328,0.46354781550354657,0.12207640707492828
1.728,-0.0558476448059082,0.4059487656519702,0.12278576195240021
1.704,-0.051493287086486816,0.35388048848753906,0.11051484942436218
1.68,-0.018702387809753418,0.48481040274405063,0.12007234990596771
1.656,-0.025632143020629883,0.5342809661312925,0.12317200750112534
1.632,-0.049892544746398926,0.5309770949015926,0.13691768050193787
1.608,-0.04818415641784668,0.42169144840633743,0.12098123878240585
1.584,-0.02265608310699463,0.3598060510642877,0.10490632057189941
1.56,-0.03972744941711426,0.3389100808911552,0.10862623900175095
1.536,-0.03467583656311035,0.33041345616200374,0.1020951047539711
1.512,-0.04082036018371582,0.3594403622108182,0.11248208582401276
1.488,-0.05253612995147705,0.3002417171750831,0.10509360581636429
1.464,-0.019635796546936035,0.47441564931089797,0.12624700367450714
1.44,-0.04652571678161621,0.5614288250370694,0.14833766222000122
1.416,-0.04694831371307373,0.49131226300344366,0.13144704699516296
1.392,-0.07675445079803467,0.3529928356732311,0.12677256762981415
1.368,-0.062079787254333496,0.35666240195297505,0.11860637366771698
1.344,-0.03150451183319092,0.4732802347025618,0.12164105474948883
1.32,-0.04598212242126465,0.3719056132883055,0.11514602601528168
1.296,-0.03150284290313721,0.3304701514248183,0.11529874801635742
1.272,-0.08483994007110596,0.2894488536401157,0.11234140396118164
1.248,-0.07497930526733398,0.2853951172223194,0.10525733232498169
1.224,-0.04299736022949219,0.34502466080818006,0.10169913619756699
1.2,-0.038446784019470215,0.23198912909335687,0.0892728790640831
1.176,-0.030939221382141113,0.1840274031553314,0.08881524205207825
1.152,-0.002726316452026367,0.1620562190494863,0.07708945125341415
1.128,-0.04908955097198486,0.16892713658458086,0.08310111612081528
1.104,0.037552058696746826,0.16915572850055177,0.07478798925876617
1.08,-0.050966739654541016,0.18884249726012045,0.08764222264289856
1.056,-0.06324410438537598,0.20973988806682914,0.08947126567363739
1.032,-0.009389758110046387,0.22944246930430529,0.08570379763841629
1.008,-0.013426899909973145,0.2482713299564628,0.08528198301792145
0.984,-0.02288055419921875,0.2567930584639301,0.08910786360502243
0.96,-0.022501826286315918,0.38579943268369865,0.0930965468287468
0.936,-0.04918539524078369,0.1765345274870332,0.08079680800437927
0.912,-0.09603118896484375,0.20100172495161125,0.0939975380897522
0.888,-0.06832718849182129,0.22338262664453123,0.09536284953355789
0.864,-0.08410286903381348,0.24392576299663166,0.1042039766907692
0.84,-0.09197211265563965,0.2542661756745013,0.10340538620948792
0.816,-0.05949234962463379,0.2469302070431897,0.10155247151851654
0.792,-0.05335855484008789,0.2346620232713547,0.10326875001192093
0.768,-0.0951617956161499,0.22453679280351535,0.10464196652173996
0.744,-0.19530153274536133,0.22915583371798665,0.11462243646383286
0.72,-0.056687355041503906,0.22591227092468522,0.09607919305562973
0.696,-0.12372803688049316,0.24489706726012153,0.11220087856054306
0.672,-0.1074979305267334,0.24463062704550864,0.112917460501194
0.648,-0.03613090515136719,0.22262911882236922,0.09892002493143082
0.624,-0.043883323669433594,0.19454412953893105,0.08966346085071564
0.6,-0.010949254035949707,0.3949858812633686,0.09830671548843384
0.576,-0.01661837100982666,0.22372435482734362,0.08602409809827805
0.552,-0.05667424201965332,0.17944545614872975,0.08657757937908173
0.528,-0.05876493453979492,0.20485131573472165,0.08596121519804001
0.504,-0.036769747734069824,0.22557995115321644,0.07603941857814789
0.48,-0.0386580228805542,0.23298335974288342,0.07513713091611862
0.456,-0.052210450172424316,0.2238540471296907,0.08268558233976364
0.432,-0.07406008243560791,0.20464823033103352,0.08216598629951477
0.408,-0.27122294902801514,0.19712869216119663,0.1066599190235138
0.384,-0.10343897342681885,0.15969080863705137,0.07581481337547302
0.36,-0.18783235549926758,0.15491740476629265,0.07590003311634064
0.336,-0.11410295963287354,0.14306914030723997,0.060466837137937546
0.312,-0.18429803848266602,0.13945417296926774,0.06668587774038315
0.288,-0.18921983242034912,0.13216563783498142,0.06298960000276566
0.264,-0.15064799785614014,0.12354107793554593,0.057068146765232086
0.24,-0.1756608486175537,0.11778346551996065,0.0545930452644825
0.216,-0.24058067798614502,0.11310857733972075,0.05646441876888275
0.192,-0.22055089473724365,0.10634715690530591,0.05399519205093384
0.168,-0.16431140899658203,0.09999809896629105,0.0501633882522583
0.144,-0.12935411930084229,0.09354932486947017,0.040788572281599045
0.12,-0.1433647871017456,0.08916179325401773,0.03998309746384621
0.096,-0.12396025657653809,0.08057480970541309,0.03569599613547325
0.072,-0.15346312522888184,0.07388833809796597,0.034560151398181915
0.048,-0.09381842613220215,0.0621105424153478,0.02617204375565052
0.024,-0.08249795436859131,0.04891352814152649,0.021112089976668358
0.0,-0.07270228862762451,0.03515012508920932,0.015009199269115925
-0.024,-0.036870360374450684,0.02226271704456721,0.00905962847173214
-0.048,0.007939279079437256,0.01311781986195784,0.004260681569576263
-0.072,-0.22678101062774658,0.009826348800346838,0.004577633459120989
-0.096,-0.08173775672912598,0.008383639339988572,0.003214871743693948
-0.12,,,
-0.144,,,
-0.168,,,
-0.192,,,
-0.216,,,
-0.24,,,
-0.264,,,
-0.288,,,
-0.312,,,
-0.336,,,
-0.36,,,
-0.384,,,
-0.408,,,
-0.432,,,
-0.456,,,
-0.48,,,
-0.504,,,
-0.528,,,
-0.552,,,
-0.576,,,
-0.6,,,
-0.624,,,
-0.648,,,
-0.672,,,
-0.696,,,
-0.72,,,
-0.744,,,
-0.768,,,
-0.792,,,
-0.816,,,
-0.84,,,
-0.864,,,
-0.888,,,
-0.912,,,
-0.936,,,
-0.96,,,
