Layer,LayerName,R2_mean,R2_std,RMSE_mean,MAE_mean,Target
0,L00,0.081997,0.011279,0.216601,0.148131,abs_extinction
1,L01,0.115488,0.009947,0.151852,0.091373,abs_extinction
2,L02,0.112149,0.006816,0.120821,0.065450,abs_extinction
3,L03,0.116809,0.019501,0.122972,0.071601,abs_extinction
4,L04,0.150227,0.014695,0.123605,0.074663,abs_extinction
5,L05,0.160847,0.016483,0.113237,0.066772,abs_extinction
6,L06,0.185561,0.012045,0.111447,0.065326,abs_extinction
7,L07,0.183452,0.018551,0.112805,0.064364,abs_extinction
8,L08,0.172722,0.028025,0.111381,0.062126,abs_extinction
9,L09,0.165756,0.026833,0.108024,0.060698,abs_extinction
10,L10,0.156435,0.021755,0.101876,0.056042,abs_extinction
11,L11,0.148871,0.033446,0.103626,0.051669,abs_extinction
12,L12,0.149892,0.029785,0.102103,0.048936,abs_extinction
13,L13,0.152146,0.020111,0.104216,0.049732,abs_extinction
14,L14,0.155690,0.025484,0.101723,0.047548,abs_extinction
15,L15,0.170956,0.031888,0.105915,0.050455,abs_extinction
16,L16,0.183959,0.029091,0.111786,0.052803,abs_extinction
17,L17,0.176874,0.020766,0.117811,0.055308,abs_extinction
18,L18,0.180209,0.008632,0.114047,0.055145,abs_extinction
19,L19,0.213057,0.007722,0.111470,0.055292,abs_extinction
20,L20,0.257008,0.021739,0.116666,0.060575,abs_extinction
21,L21,0.302414,0.013414,0.114164,0.059761,abs_extinction
22,L22,0.338868,0.009076,0.098058,0.050137,abs_extinction
23,L23,0.288757,0.041189,0.071177,0.032399,abs_extinction
24,L24,0.141173,0.030582,0.035961,0.012913,abs_extinction
25,L25,0.437879,0.136915,0.007181,0.003154,abs_extinction
26,L26,0.635622,0.018101,0.003468,0.002428,abs_extinction
27,L27,0.587861,0.018672,0.003187,0.002278,abs_extinction
28,L28,0.466016,0.022930,0.003474,0.002481,abs_extinction
29,L29,0.424503,0.015646,0.003330,0.002377,abs_extinction
30,L30,0.361998,0.024051,0.001933,0.001383,abs_extinction
31,L31,0.164234,0.019505,0.001886,0.001308,abs_extinction
